CREATE TABLE IF NOT EXISTS "GestorApp_conductor" ("id" integer NOT NULL PRIMARY KEY AUTOINCREMENT, "conductor" varchar(100) NOT NULL, "codigo" varchar(100) NOT NULL, "cedula" varchar(100) NOT NULL, "estado" varchar(2) NOT NULL);
INSERT INTO "GestorApp_conductor" VALUES(1,'A','1001','777777777','1');
INSERT INTO "GestorApp_conductor" VALUES(2,'B','1002','8885555','1');
CREATE INDEX IF NOT EXISTS "GestorApp_encomienda_programacion_id_0c9765a5" ON "GestorApp_encomienda" ("programacion_id");
CREATE INDEX IF NOT EXISTS "GestorApp_vehiculo_propietario_id_3a4563d5" ON "GestorApp_vehiculo" ("propietario_id");
CREATE INDEX IF NOT EXISTS "GestorApp_programacion_conductor_id_fad8ed81" ON "GestorApp_programacion" ("conductor_id");
CREATE INDEX IF NOT EXISTS "GestorApp_programacion_destino_id_7278cf04" ON "GestorApp_programacion" ("destino_id");
CREATE INDEX IF NOT EXISTS "GestorApp_programacion_origen_id_7d46a29d" ON "GestorApp_programacion" ("origen_id");
CREATE INDEX IF NOT EXISTS "GestorApp_programacion_vehiculo_id_013bea4e" ON "GestorApp_programacion" ("vehiculo_id");
CREATE UNIQUE INDEX "auth_group_permissions_group_id_permission_id_0cd325b0_uniq" ON "auth_group_permissions" ("group_id", "permission_id");
CREATE INDEX IF NOT EXISTS "auth_group_permissions_group_id_b120cbf9" ON "auth_group_permissions" ("group_id");
CREATE INDEX IF NOT EXISTS "auth_group_permissions_permission_id_84c5c92e" ON "auth_group_permissions" ("permission_id");
CREATE UNIQUE INDEX "auth_user_groups_user_id_group_id_94350c0c_uniq" ON "auth_user_groups" ("user_id", "group_id");
CREATE INDEX IF NOT EXISTS "auth_user_groups_user_id_6a12ed8b" ON "auth_user_groups" ("user_id");
CREATE INDEX IF NOT EXISTS "auth_user_groups_group_id_97559544" ON "auth_user_groups" ("group_id");
CREATE UNIQUE INDEX "auth_user_user_permissions_user_id_permission_id_14a6b632_uniq" ON "auth_user_user_permissions" ("user_id", "permission_id");
CREATE INDEX IF NOT EXISTS "auth_user_user_permissions_user_id_a95ead1b" ON "auth_user_user_permissions" ("user_id");
CREATE INDEX IF NOT EXISTS "auth_user_user_permissions_permission_id_1fbb5f2c" ON "auth_user_user_permissions" ("permission_id");
CREATE INDEX IF NOT EXISTS "django_admin_log_content_type_id_c4bce8eb" ON "django_admin_log" ("content_type_id");
CREATE INDEX IF NOT EXISTS "django_admin_log_user_id_c564eba6" ON "django_admin_log" ("user_id");
CREATE UNIQUE INDEX "django_content_type_app_label_model_76bd3d3b_uniq" ON "django_content_type" ("app_label", "model");
CREATE UNIQUE INDEX "auth_permission_content_type_id_codename_01ab375a_uniq" ON "auth_permission" ("content_type_id", "codename");
CREATE INDEX IF NOT EXISTS "auth_permission_content_type_id_2f476e4b" ON "auth_permission" ("content_type_id");
CREATE INDEX IF NOT EXISTS "django_apscheduler_djangojob_next_run_time_2f022619" ON "django_apscheduler_djangojob" ("next_run_time");
CREATE INDEX IF NOT EXISTS "django_apscheduler_djangojobexecution_run_time_16edd96b" ON "django_apscheduler_djangojobexecution" ("run_time");
CREATE INDEX IF NOT EXISTS "django_apscheduler_djangojobexecution_job_id_daf5090a" ON "django_apscheduler_djangojobexecution" ("job_id");
CREATE INDEX IF NOT EXISTS "django_session_expire_date_a5c62663" ON "django_session" ("expire_date");
CREATE TABLE IF NOT EXISTS "GestorApp_encomienda" ("id" integer NOT NULL PRIMARY KEY AUTOINCREMENT, "nombre_envio" varchar(100) NOT NULL, "cedula_envio" varchar(12) NOT NULL, "telefono_envio" varchar(12) NOT NULL, "nombre_recibido" varchar(100) NOT NULL, "cedula_recibido" varchar(12) NOT NULL, "telefono_recibido" varchar(12) NOT NULL, "costo_envio" integer NOT NULL, "estado" varchar(2) NOT NULL, "fecha_creado" datetime NOT NULL, "fecha_actualizado" datetime NOT NULL, "programacion_id" bigint NOT NULL REFERENCES "GestorApp_programacion" ("id") DEFERRABLE INITIALLY DEFERRED);
INSERT INTO "GestorApp_encomienda" VALUES(6,'Testeo','1234567','3105582224','Test 2','6521474','350555612',18000,'1','2024-02-13 15:54:38.051329','2024-02-13 15:54:38.053328',11);
INSERT INTO "GestorApp_encomienda" VALUES(7,'Ensayo','5486','56412','Receptor','123654','545412',25000,'2','2024-02-28 00:16:48.791167','2024-02-28 00:16:48.793166',13);
CREATE INDEX IF NOT EXISTS "GestorApp_encomienda_programacion_id_0c9765a5" ON "GestorApp_encomienda" ("programacion_id");
CREATE INDEX IF NOT EXISTS "GestorApp_vehiculo_propietario_id_3a4563d5" ON "GestorApp_vehiculo" ("propietario_id");
CREATE INDEX IF NOT EXISTS "GestorApp_programacion_conductor_id_fad8ed81" ON "GestorApp_programacion" ("conductor_id");
CREATE INDEX IF NOT EXISTS "GestorApp_programacion_destino_id_7278cf04" ON "GestorApp_programacion" ("destino_id");
CREATE INDEX IF NOT EXISTS "GestorApp_programacion_origen_id_7d46a29d" ON "GestorApp_programacion" ("origen_id");
CREATE INDEX IF NOT EXISTS "GestorApp_programacion_vehiculo_id_013bea4e" ON "GestorApp_programacion" ("vehiculo_id");
CREATE UNIQUE INDEX "auth_group_permissions_group_id_permission_id_0cd325b0_uniq" ON "auth_group_permissions" ("group_id", "permission_id");
CREATE INDEX IF NOT EXISTS "auth_group_permissions_group_id_b120cbf9" ON "auth_group_permissions" ("group_id");
CREATE INDEX IF NOT EXISTS "auth_group_permissions_permission_id_84c5c92e" ON "auth_group_permissions" ("permission_id");
CREATE UNIQUE INDEX "auth_user_groups_user_id_group_id_94350c0c_uniq" ON "auth_user_groups" ("user_id", "group_id");
CREATE INDEX IF NOT EXISTS "auth_user_groups_user_id_6a12ed8b" ON "auth_user_groups" ("user_id");
CREATE INDEX IF NOT EXISTS "auth_user_groups_group_id_97559544" ON "auth_user_groups" ("group_id");
CREATE UNIQUE INDEX "auth_user_user_permissions_user_id_permission_id_14a6b632_uniq" ON "auth_user_user_permissions" ("user_id", "permission_id");
CREATE INDEX IF NOT EXISTS "auth_user_user_permissions_user_id_a95ead1b" ON "auth_user_user_permissions" ("user_id");
CREATE INDEX IF NOT EXISTS "auth_user_user_permissions_permission_id_1fbb5f2c" ON "auth_user_user_permissions" ("permission_id");
CREATE INDEX IF NOT EXISTS "django_admin_log_content_type_id_c4bce8eb" ON "django_admin_log" ("content_type_id");
CREATE INDEX IF NOT EXISTS "django_admin_log_user_id_c564eba6" ON "django_admin_log" ("user_id");
CREATE UNIQUE INDEX "django_content_type_app_label_model_76bd3d3b_uniq" ON "django_content_type" ("app_label", "model");
CREATE UNIQUE INDEX "auth_permission_content_type_id_codename_01ab375a_uniq" ON "auth_permission" ("content_type_id", "codename");
CREATE INDEX IF NOT EXISTS "auth_permission_content_type_id_2f476e4b" ON "auth_permission" ("content_type_id");
CREATE INDEX IF NOT EXISTS "django_apscheduler_djangojob_next_run_time_2f022619" ON "django_apscheduler_djangojob" ("next_run_time");
CREATE INDEX IF NOT EXISTS "django_apscheduler_djangojobexecution_run_time_16edd96b" ON "django_apscheduler_djangojobexecution" ("run_time");
CREATE INDEX IF NOT EXISTS "django_apscheduler_djangojobexecution_job_id_daf5090a" ON "django_apscheduler_djangojobexecution" ("job_id");
CREATE INDEX IF NOT EXISTS "django_session_expire_date_a5c62663" ON "django_session" ("expire_date");
CREATE TABLE IF NOT EXISTS "GestorApp_programacion" ("id" integer NOT NULL PRIMARY KEY AUTOINCREMENT, "codigo" varchar(100) NOT NULL, "programacion" datetime NOT NULL, "precio" integer NOT NULL, "estado" varchar(2) NOT NULL, "fecha_creado" datetime NOT NULL, "fecha_actualizado" datetime NOT NULL, "conductor_id" bigint NOT NULL REFERENCES "GestorApp_conductor" ("id") DEFERRABLE INITIALLY DEFERRED, "destino_id" bigint NOT NULL REFERENCES "GestorApp_sede" ("id") DEFERRABLE INITIALLY DEFERRED, "origen_id" bigint NOT NULL REFERENCES "GestorApp_sede" ("id") DEFERRABLE INITIALLY DEFERRED, "vehiculo_id" bigint NOT NULL REFERENCES "GestorApp_vehiculo" ("id") DEFERRABLE INITIALLY DEFERRED);
INSERT INTO "GestorApp_programacion" VALUES(11,'202402120001','2024-03-31 18:00:00',12000,'1','2024-02-12 14:21:30.149198','2024-02-12 14:21:30.158438',1,2,1,3);
INSERT INTO "GestorApp_programacion" VALUES(13,'202402270001','2024-03-31 11:14:00',52000,'1','2024-02-28 00:12:18.330154','2024-02-28 00:12:18.340149',1,2,1,5);
CREATE INDEX IF NOT EXISTS "GestorApp_encomienda_programacion_id_0c9765a5" ON "GestorApp_encomienda" ("programacion_id");
CREATE INDEX IF NOT EXISTS "GestorApp_vehiculo_propietario_id_3a4563d5" ON "GestorApp_vehiculo" ("propietario_id");
CREATE INDEX IF NOT EXISTS "GestorApp_programacion_conductor_id_fad8ed81" ON "GestorApp_programacion" ("conductor_id");
CREATE INDEX IF NOT EXISTS "GestorApp_programacion_destino_id_7278cf04" ON "GestorApp_programacion" ("destino_id");
CREATE INDEX IF NOT EXISTS "GestorApp_programacion_origen_id_7d46a29d" ON "GestorApp_programacion" ("origen_id");
CREATE INDEX IF NOT EXISTS "GestorApp_programacion_vehiculo_id_013bea4e" ON "GestorApp_programacion" ("vehiculo_id");
CREATE UNIQUE INDEX "auth_group_permissions_group_id_permission_id_0cd325b0_uniq" ON "auth_group_permissions" ("group_id", "permission_id");
CREATE INDEX IF NOT EXISTS "auth_group_permissions_group_id_b120cbf9" ON "auth_group_permissions" ("group_id");
CREATE INDEX IF NOT EXISTS "auth_group_permissions_permission_id_84c5c92e" ON "auth_group_permissions" ("permission_id");
CREATE UNIQUE INDEX "auth_user_groups_user_id_group_id_94350c0c_uniq" ON "auth_user_groups" ("user_id", "group_id");
CREATE INDEX IF NOT EXISTS "auth_user_groups_user_id_6a12ed8b" ON "auth_user_groups" ("user_id");
CREATE INDEX IF NOT EXISTS "auth_user_groups_group_id_97559544" ON "auth_user_groups" ("group_id");
CREATE UNIQUE INDEX "auth_user_user_permissions_user_id_permission_id_14a6b632_uniq" ON "auth_user_user_permissions" ("user_id", "permission_id");
CREATE INDEX IF NOT EXISTS "auth_user_user_permissions_user_id_a95ead1b" ON "auth_user_user_permissions" ("user_id");
CREATE INDEX IF NOT EXISTS "auth_user_user_permissions_permission_id_1fbb5f2c" ON "auth_user_user_permissions" ("permission_id");
CREATE INDEX IF NOT EXISTS "django_admin_log_content_type_id_c4bce8eb" ON "django_admin_log" ("content_type_id");
CREATE INDEX IF NOT EXISTS "django_admin_log_user_id_c564eba6" ON "django_admin_log" ("user_id");
CREATE UNIQUE INDEX "django_content_type_app_label_model_76bd3d3b_uniq" ON "django_content_type" ("app_label", "model");
CREATE UNIQUE INDEX "auth_permission_content_type_id_codename_01ab375a_uniq" ON "auth_permission" ("content_type_id", "codename");
CREATE INDEX IF NOT EXISTS "auth_permission_content_type_id_2f476e4b" ON "auth_permission" ("content_type_id");
CREATE INDEX IF NOT EXISTS "django_apscheduler_djangojob_next_run_time_2f022619" ON "django_apscheduler_djangojob" ("next_run_time");
CREATE INDEX IF NOT EXISTS "django_apscheduler_djangojobexecution_run_time_16edd96b" ON "django_apscheduler_djangojobexecution" ("run_time");
CREATE INDEX IF NOT EXISTS "django_apscheduler_djangojobexecution_job_id_daf5090a" ON "django_apscheduler_djangojobexecution" ("job_id");
CREATE INDEX IF NOT EXISTS "django_session_expire_date_a5c62663" ON "django_session" ("expire_date");
CREATE TABLE IF NOT EXISTS "GestorApp_propietario" ("id" integer NOT NULL PRIMARY KEY AUTOINCREMENT, "propietario" varchar(100) NOT NULL, "documento" varchar(12) NOT NULL, "estado" varchar(2) NOT NULL);
INSERT INTO "GestorApp_propietario" VALUES(1,'I','895622','1');
INSERT INTO "GestorApp_propietario" VALUES(2,'II','985622','1');
CREATE INDEX IF NOT EXISTS "GestorApp_encomienda_programacion_id_0c9765a5" ON "GestorApp_encomienda" ("programacion_id");
CREATE INDEX IF NOT EXISTS "GestorApp_vehiculo_propietario_id_3a4563d5" ON "GestorApp_vehiculo" ("propietario_id");
CREATE INDEX IF NOT EXISTS "GestorApp_programacion_conductor_id_fad8ed81" ON "GestorApp_programacion" ("conductor_id");
CREATE INDEX IF NOT EXISTS "GestorApp_programacion_destino_id_7278cf04" ON "GestorApp_programacion" ("destino_id");
CREATE INDEX IF NOT EXISTS "GestorApp_programacion_origen_id_7d46a29d" ON "GestorApp_programacion" ("origen_id");
CREATE INDEX IF NOT EXISTS "GestorApp_programacion_vehiculo_id_013bea4e" ON "GestorApp_programacion" ("vehiculo_id");
CREATE UNIQUE INDEX "auth_group_permissions_group_id_permission_id_0cd325b0_uniq" ON "auth_group_permissions" ("group_id", "permission_id");
CREATE INDEX IF NOT EXISTS "auth_group_permissions_group_id_b120cbf9" ON "auth_group_permissions" ("group_id");
CREATE INDEX IF NOT EXISTS "auth_group_permissions_permission_id_84c5c92e" ON "auth_group_permissions" ("permission_id");
CREATE UNIQUE INDEX "auth_user_groups_user_id_group_id_94350c0c_uniq" ON "auth_user_groups" ("user_id", "group_id");
CREATE INDEX IF NOT EXISTS "auth_user_groups_user_id_6a12ed8b" ON "auth_user_groups" ("user_id");
CREATE INDEX IF NOT EXISTS "auth_user_groups_group_id_97559544" ON "auth_user_groups" ("group_id");
CREATE UNIQUE INDEX "auth_user_user_permissions_user_id_permission_id_14a6b632_uniq" ON "auth_user_user_permissions" ("user_id", "permission_id");
CREATE INDEX IF NOT EXISTS "auth_user_user_permissions_user_id_a95ead1b" ON "auth_user_user_permissions" ("user_id");
CREATE INDEX IF NOT EXISTS "auth_user_user_permissions_permission_id_1fbb5f2c" ON "auth_user_user_permissions" ("permission_id");
CREATE INDEX IF NOT EXISTS "django_admin_log_content_type_id_c4bce8eb" ON "django_admin_log" ("content_type_id");
CREATE INDEX IF NOT EXISTS "django_admin_log_user_id_c564eba6" ON "django_admin_log" ("user_id");
CREATE UNIQUE INDEX "django_content_type_app_label_model_76bd3d3b_uniq" ON "django_content_type" ("app_label", "model");
CREATE UNIQUE INDEX "auth_permission_content_type_id_codename_01ab375a_uniq" ON "auth_permission" ("content_type_id", "codename");
CREATE INDEX IF NOT EXISTS "auth_permission_content_type_id_2f476e4b" ON "auth_permission" ("content_type_id");
CREATE INDEX IF NOT EXISTS "django_apscheduler_djangojob_next_run_time_2f022619" ON "django_apscheduler_djangojob" ("next_run_time");
CREATE INDEX IF NOT EXISTS "django_apscheduler_djangojobexecution_run_time_16edd96b" ON "django_apscheduler_djangojobexecution" ("run_time");
CREATE INDEX IF NOT EXISTS "django_apscheduler_djangojobexecution_job_id_daf5090a" ON "django_apscheduler_djangojobexecution" ("job_id");
CREATE INDEX IF NOT EXISTS "django_session_expire_date_a5c62663" ON "django_session" ("expire_date");
CREATE TABLE IF NOT EXISTS "GestorApp_sede" ("id" integer NOT NULL PRIMARY KEY AUTOINCREMENT, "sede" varchar(250) NOT NULL, "tipo" varchar(2) NOT NULL, "fecha_creado" datetime NOT NULL, "fecha_actualizado" datetime NOT NULL);
INSERT INTO "GestorApp_sede" VALUES(1,'Cali','1','2024-01-22 16:06:44.432809','2024-02-27 23:58:58.512582');
INSERT INTO "GestorApp_sede" VALUES(2,'Popayán','1','2024-01-22 16:06:50.752197','2024-02-27 23:59:08.921956');
INSERT INTO "GestorApp_sede" VALUES(4,'C','2','2024-02-12 21:07:36.649036','2024-02-12 21:07:36.668605');
CREATE INDEX IF NOT EXISTS "GestorApp_encomienda_programacion_id_0c9765a5" ON "GestorApp_encomienda" ("programacion_id");
CREATE INDEX IF NOT EXISTS "GestorApp_vehiculo_propietario_id_3a4563d5" ON "GestorApp_vehiculo" ("propietario_id");
CREATE INDEX IF NOT EXISTS "GestorApp_programacion_conductor_id_fad8ed81" ON "GestorApp_programacion" ("conductor_id");
CREATE INDEX IF NOT EXISTS "GestorApp_programacion_destino_id_7278cf04" ON "GestorApp_programacion" ("destino_id");
CREATE INDEX IF NOT EXISTS "GestorApp_programacion_origen_id_7d46a29d" ON "GestorApp_programacion" ("origen_id");
CREATE INDEX IF NOT EXISTS "GestorApp_programacion_vehiculo_id_013bea4e" ON "GestorApp_programacion" ("vehiculo_id");
CREATE UNIQUE INDEX "auth_group_permissions_group_id_permission_id_0cd325b0_uniq" ON "auth_group_permissions" ("group_id", "permission_id");
CREATE INDEX IF NOT EXISTS "auth_group_permissions_group_id_b120cbf9" ON "auth_group_permissions" ("group_id");
CREATE INDEX IF NOT EXISTS "auth_group_permissions_permission_id_84c5c92e" ON "auth_group_permissions" ("permission_id");
CREATE UNIQUE INDEX "auth_user_groups_user_id_group_id_94350c0c_uniq" ON "auth_user_groups" ("user_id", "group_id");
CREATE INDEX IF NOT EXISTS "auth_user_groups_user_id_6a12ed8b" ON "auth_user_groups" ("user_id");
CREATE INDEX IF NOT EXISTS "auth_user_groups_group_id_97559544" ON "auth_user_groups" ("group_id");
CREATE UNIQUE INDEX "auth_user_user_permissions_user_id_permission_id_14a6b632_uniq" ON "auth_user_user_permissions" ("user_id", "permission_id");
CREATE INDEX IF NOT EXISTS "auth_user_user_permissions_user_id_a95ead1b" ON "auth_user_user_permissions" ("user_id");
CREATE INDEX IF NOT EXISTS "auth_user_user_permissions_permission_id_1fbb5f2c" ON "auth_user_user_permissions" ("permission_id");
CREATE INDEX IF NOT EXISTS "django_admin_log_content_type_id_c4bce8eb" ON "django_admin_log" ("content_type_id");
CREATE INDEX IF NOT EXISTS "django_admin_log_user_id_c564eba6" ON "django_admin_log" ("user_id");
CREATE UNIQUE INDEX "django_content_type_app_label_model_76bd3d3b_uniq" ON "django_content_type" ("app_label", "model");
CREATE UNIQUE INDEX "auth_permission_content_type_id_codename_01ab375a_uniq" ON "auth_permission" ("content_type_id", "codename");
CREATE INDEX IF NOT EXISTS "auth_permission_content_type_id_2f476e4b" ON "auth_permission" ("content_type_id");
CREATE INDEX IF NOT EXISTS "django_apscheduler_djangojob_next_run_time_2f022619" ON "django_apscheduler_djangojob" ("next_run_time");
CREATE INDEX IF NOT EXISTS "django_apscheduler_djangojobexecution_run_time_16edd96b" ON "django_apscheduler_djangojobexecution" ("run_time");
CREATE INDEX IF NOT EXISTS "django_apscheduler_djangojobexecution_job_id_daf5090a" ON "django_apscheduler_djangojobexecution" ("job_id");
CREATE INDEX IF NOT EXISTS "django_session_expire_date_a5c62663" ON "django_session" ("expire_date");
CREATE TABLE IF NOT EXISTS "GestorApp_vehiculo" ("id" integer NOT NULL PRIMARY KEY AUTOINCREMENT, "numero_veh" varchar(5) NOT NULL, "placa_veh" varchar(8) NOT NULL, "asientos" integer unsigned NOT NULL CHECK ("asientos" >= 0), "estado" varchar(2) NOT NULL, "fecha_creado" datetime NOT NULL, "fecha_actualizado" datetime NOT NULL, "propietario_id" bigint NULL REFERENCES "GestorApp_propietario" ("id") DEFERRABLE INITIALLY DEFERRED);
INSERT INTO "GestorApp_vehiculo" VALUES(3,'650','TZY064',12,'1','2024-01-22 20:32:30.517287','2024-01-22 20:32:30.520285',2);
INSERT INTO "GestorApp_vehiculo" VALUES(5,'8032','acv345',34,'1','2024-01-23 00:02:59.959174','2024-01-23 13:19:51.793184',2);
INSERT INTO "GestorApp_vehiculo" VALUES(8,'456','fds678',6,'1','2024-02-13 15:31:06.847645','2024-02-13 15:31:06.850804',2);
INSERT INTO "GestorApp_vehiculo" VALUES(9,'365','afr567',5,'1','2024-02-27 23:26:42.754362','2024-02-27 23:26:42.870279',2);
INSERT INTO "GestorApp_vehiculo" VALUES(10,'123','asd456',12,'1','2024-02-28 00:10:26.576090','2024-02-28 00:10:26.579088',1);
CREATE INDEX IF NOT EXISTS "GestorApp_encomienda_programacion_id_0c9765a5" ON "GestorApp_encomienda" ("programacion_id");
CREATE INDEX IF NOT EXISTS "GestorApp_vehiculo_propietario_id_3a4563d5" ON "GestorApp_vehiculo" ("propietario_id");
CREATE INDEX IF NOT EXISTS "GestorApp_programacion_conductor_id_fad8ed81" ON "GestorApp_programacion" ("conductor_id");
CREATE INDEX IF NOT EXISTS "GestorApp_programacion_destino_id_7278cf04" ON "GestorApp_programacion" ("destino_id");
CREATE INDEX IF NOT EXISTS "GestorApp_programacion_origen_id_7d46a29d" ON "GestorApp_programacion" ("origen_id");
CREATE INDEX IF NOT EXISTS "GestorApp_programacion_vehiculo_id_013bea4e" ON "GestorApp_programacion" ("vehiculo_id");
CREATE UNIQUE INDEX "auth_group_permissions_group_id_permission_id_0cd325b0_uniq" ON "auth_group_permissions" ("group_id", "permission_id");
CREATE INDEX IF NOT EXISTS "auth_group_permissions_group_id_b120cbf9" ON "auth_group_permissions" ("group_id");
CREATE INDEX IF NOT EXISTS "auth_group_permissions_permission_id_84c5c92e" ON "auth_group_permissions" ("permission_id");
CREATE UNIQUE INDEX "auth_user_groups_user_id_group_id_94350c0c_uniq" ON "auth_user_groups" ("user_id", "group_id");
CREATE INDEX IF NOT EXISTS "auth_user_groups_user_id_6a12ed8b" ON "auth_user_groups" ("user_id");
CREATE INDEX IF NOT EXISTS "auth_user_groups_group_id_97559544" ON "auth_user_groups" ("group_id");
CREATE UNIQUE INDEX "auth_user_user_permissions_user_id_permission_id_14a6b632_uniq" ON "auth_user_user_permissions" ("user_id", "permission_id");
CREATE INDEX IF NOT EXISTS "auth_user_user_permissions_user_id_a95ead1b" ON "auth_user_user_permissions" ("user_id");
CREATE INDEX IF NOT EXISTS "auth_user_user_permissions_permission_id_1fbb5f2c" ON "auth_user_user_permissions" ("permission_id");
CREATE INDEX IF NOT EXISTS "django_admin_log_content_type_id_c4bce8eb" ON "django_admin_log" ("content_type_id");
CREATE INDEX IF NOT EXISTS "django_admin_log_user_id_c564eba6" ON "django_admin_log" ("user_id");
CREATE UNIQUE INDEX "django_content_type_app_label_model_76bd3d3b_uniq" ON "django_content_type" ("app_label", "model");
CREATE UNIQUE INDEX "auth_permission_content_type_id_codename_01ab375a_uniq" ON "auth_permission" ("content_type_id", "codename");
CREATE INDEX IF NOT EXISTS "auth_permission_content_type_id_2f476e4b" ON "auth_permission" ("content_type_id");
CREATE INDEX IF NOT EXISTS "django_apscheduler_djangojob_next_run_time_2f022619" ON "django_apscheduler_djangojob" ("next_run_time");
CREATE INDEX IF NOT EXISTS "django_apscheduler_djangojobexecution_run_time_16edd96b" ON "django_apscheduler_djangojobexecution" ("run_time");
CREATE INDEX IF NOT EXISTS "django_apscheduler_djangojobexecution_job_id_daf5090a" ON "django_apscheduler_djangojobexecution" ("job_id");
CREATE INDEX IF NOT EXISTS "django_session_expire_date_a5c62663" ON "django_session" ("expire_date");
CREATE TABLE IF NOT EXISTS "auth_group" ("id" integer NOT NULL PRIMARY KEY AUTOINCREMENT, "name" varchar(150) NOT NULL UNIQUE);
INSERT INTO "auth_group" VALUES(1,'despachadores');
CREATE INDEX IF NOT EXISTS "GestorApp_encomienda_programacion_id_0c9765a5" ON "GestorApp_encomienda" ("programacion_id");
CREATE INDEX IF NOT EXISTS "GestorApp_vehiculo_propietario_id_3a4563d5" ON "GestorApp_vehiculo" ("propietario_id");
CREATE INDEX IF NOT EXISTS "GestorApp_programacion_conductor_id_fad8ed81" ON "GestorApp_programacion" ("conductor_id");
CREATE INDEX IF NOT EXISTS "GestorApp_programacion_destino_id_7278cf04" ON "GestorApp_programacion" ("destino_id");
CREATE INDEX IF NOT EXISTS "GestorApp_programacion_origen_id_7d46a29d" ON "GestorApp_programacion" ("origen_id");
CREATE INDEX IF NOT EXISTS "GestorApp_programacion_vehiculo_id_013bea4e" ON "GestorApp_programacion" ("vehiculo_id");
CREATE UNIQUE INDEX "auth_group_permissions_group_id_permission_id_0cd325b0_uniq" ON "auth_group_permissions" ("group_id", "permission_id");
CREATE INDEX IF NOT EXISTS "auth_group_permissions_group_id_b120cbf9" ON "auth_group_permissions" ("group_id");
CREATE INDEX IF NOT EXISTS "auth_group_permissions_permission_id_84c5c92e" ON "auth_group_permissions" ("permission_id");
CREATE UNIQUE INDEX "auth_user_groups_user_id_group_id_94350c0c_uniq" ON "auth_user_groups" ("user_id", "group_id");
CREATE INDEX IF NOT EXISTS "auth_user_groups_user_id_6a12ed8b" ON "auth_user_groups" ("user_id");
CREATE INDEX IF NOT EXISTS "auth_user_groups_group_id_97559544" ON "auth_user_groups" ("group_id");
CREATE UNIQUE INDEX "auth_user_user_permissions_user_id_permission_id_14a6b632_uniq" ON "auth_user_user_permissions" ("user_id", "permission_id");
CREATE INDEX IF NOT EXISTS "auth_user_user_permissions_user_id_a95ead1b" ON "auth_user_user_permissions" ("user_id");
CREATE INDEX IF NOT EXISTS "auth_user_user_permissions_permission_id_1fbb5f2c" ON "auth_user_user_permissions" ("permission_id");
CREATE INDEX IF NOT EXISTS "django_admin_log_content_type_id_c4bce8eb" ON "django_admin_log" ("content_type_id");
CREATE INDEX IF NOT EXISTS "django_admin_log_user_id_c564eba6" ON "django_admin_log" ("user_id");
CREATE UNIQUE INDEX "django_content_type_app_label_model_76bd3d3b_uniq" ON "django_content_type" ("app_label", "model");
CREATE UNIQUE INDEX "auth_permission_content_type_id_codename_01ab375a_uniq" ON "auth_permission" ("content_type_id", "codename");
CREATE INDEX IF NOT EXISTS "auth_permission_content_type_id_2f476e4b" ON "auth_permission" ("content_type_id");
CREATE INDEX IF NOT EXISTS "django_apscheduler_djangojob_next_run_time_2f022619" ON "django_apscheduler_djangojob" ("next_run_time");
CREATE INDEX IF NOT EXISTS "django_apscheduler_djangojobexecution_run_time_16edd96b" ON "django_apscheduler_djangojobexecution" ("run_time");
CREATE INDEX IF NOT EXISTS "django_apscheduler_djangojobexecution_job_id_daf5090a" ON "django_apscheduler_djangojobexecution" ("job_id");
CREATE INDEX IF NOT EXISTS "django_session_expire_date_a5c62663" ON "django_session" ("expire_date");
CREATE TABLE IF NOT EXISTS "auth_group_permissions" ("id" integer NOT NULL PRIMARY KEY AUTOINCREMENT, "group_id" integer NOT NULL REFERENCES "auth_group" ("id") DEFERRABLE INITIALLY DEFERRED, "permission_id" integer NOT NULL REFERENCES "auth_permission" ("id") DEFERRABLE INITIALLY DEFERRED);
INSERT INTO "auth_group_permissions" VALUES(1,1,36);
INSERT INTO "auth_group_permissions" VALUES(2,1,40);
INSERT INTO "auth_group_permissions" VALUES(3,1,41);
INSERT INTO "auth_group_permissions" VALUES(4,1,42);
INSERT INTO "auth_group_permissions" VALUES(5,1,43);
INSERT INTO "auth_group_permissions" VALUES(6,1,44);
INSERT INTO "auth_group_permissions" VALUES(7,1,48);
CREATE INDEX IF NOT EXISTS "GestorApp_encomienda_programacion_id_0c9765a5" ON "GestorApp_encomienda" ("programacion_id");
CREATE INDEX IF NOT EXISTS "GestorApp_vehiculo_propietario_id_3a4563d5" ON "GestorApp_vehiculo" ("propietario_id");
CREATE INDEX IF NOT EXISTS "GestorApp_programacion_conductor_id_fad8ed81" ON "GestorApp_programacion" ("conductor_id");
CREATE INDEX IF NOT EXISTS "GestorApp_programacion_destino_id_7278cf04" ON "GestorApp_programacion" ("destino_id");
CREATE INDEX IF NOT EXISTS "GestorApp_programacion_origen_id_7d46a29d" ON "GestorApp_programacion" ("origen_id");
CREATE INDEX IF NOT EXISTS "GestorApp_programacion_vehiculo_id_013bea4e" ON "GestorApp_programacion" ("vehiculo_id");
CREATE UNIQUE INDEX "auth_group_permissions_group_id_permission_id_0cd325b0_uniq" ON "auth_group_permissions" ("group_id", "permission_id");
CREATE INDEX IF NOT EXISTS "auth_group_permissions_group_id_b120cbf9" ON "auth_group_permissions" ("group_id");
CREATE INDEX IF NOT EXISTS "auth_group_permissions_permission_id_84c5c92e" ON "auth_group_permissions" ("permission_id");
CREATE UNIQUE INDEX "auth_user_groups_user_id_group_id_94350c0c_uniq" ON "auth_user_groups" ("user_id", "group_id");
CREATE INDEX IF NOT EXISTS "auth_user_groups_user_id_6a12ed8b" ON "auth_user_groups" ("user_id");
CREATE INDEX IF NOT EXISTS "auth_user_groups_group_id_97559544" ON "auth_user_groups" ("group_id");
CREATE UNIQUE INDEX "auth_user_user_permissions_user_id_permission_id_14a6b632_uniq" ON "auth_user_user_permissions" ("user_id", "permission_id");
CREATE INDEX IF NOT EXISTS "auth_user_user_permissions_user_id_a95ead1b" ON "auth_user_user_permissions" ("user_id");
CREATE INDEX IF NOT EXISTS "auth_user_user_permissions_permission_id_1fbb5f2c" ON "auth_user_user_permissions" ("permission_id");
CREATE INDEX IF NOT EXISTS "django_admin_log_content_type_id_c4bce8eb" ON "django_admin_log" ("content_type_id");
CREATE INDEX IF NOT EXISTS "django_admin_log_user_id_c564eba6" ON "django_admin_log" ("user_id");
CREATE UNIQUE INDEX "django_content_type_app_label_model_76bd3d3b_uniq" ON "django_content_type" ("app_label", "model");
CREATE UNIQUE INDEX "auth_permission_content_type_id_codename_01ab375a_uniq" ON "auth_permission" ("content_type_id", "codename");
CREATE INDEX IF NOT EXISTS "auth_permission_content_type_id_2f476e4b" ON "auth_permission" ("content_type_id");
CREATE INDEX IF NOT EXISTS "django_apscheduler_djangojob_next_run_time_2f022619" ON "django_apscheduler_djangojob" ("next_run_time");
CREATE INDEX IF NOT EXISTS "django_apscheduler_djangojobexecution_run_time_16edd96b" ON "django_apscheduler_djangojobexecution" ("run_time");
CREATE INDEX IF NOT EXISTS "django_apscheduler_djangojobexecution_job_id_daf5090a" ON "django_apscheduler_djangojobexecution" ("job_id");
CREATE INDEX IF NOT EXISTS "django_session_expire_date_a5c62663" ON "django_session" ("expire_date");
CREATE TABLE IF NOT EXISTS "auth_permission" ("id" integer NOT NULL PRIMARY KEY AUTOINCREMENT, "content_type_id" integer NOT NULL REFERENCES "django_content_type" ("id") DEFERRABLE INITIALLY DEFERRED, "codename" varchar(100) NOT NULL, "name" varchar(255) NOT NULL);
INSERT INTO "auth_permission" VALUES(1,1,'add_logentry','Can add log entry');
INSERT INTO "auth_permission" VALUES(2,1,'change_logentry','Can change log entry');
INSERT INTO "auth_permission" VALUES(3,1,'delete_logentry','Can delete log entry');
INSERT INTO "auth_permission" VALUES(4,1,'view_logentry','Can view log entry');
INSERT INTO "auth_permission" VALUES(5,2,'add_permission','Can add permission');
INSERT INTO "auth_permission" VALUES(6,2,'change_permission','Can change permission');
INSERT INTO "auth_permission" VALUES(7,2,'delete_permission','Can delete permission');
INSERT INTO "auth_permission" VALUES(8,2,'view_permission','Can view permission');
INSERT INTO "auth_permission" VALUES(9,3,'add_group','Can add group');
INSERT INTO "auth_permission" VALUES(10,3,'change_group','Can change group');
INSERT INTO "auth_permission" VALUES(11,3,'delete_group','Can delete group');
INSERT INTO "auth_permission" VALUES(12,3,'view_group','Can view group');
INSERT INTO "auth_permission" VALUES(13,4,'add_user','Can add user');
INSERT INTO "auth_permission" VALUES(14,4,'change_user','Can change user');
INSERT INTO "auth_permission" VALUES(15,4,'delete_user','Can delete user');
INSERT INTO "auth_permission" VALUES(16,4,'view_user','Can view user');
INSERT INTO "auth_permission" VALUES(17,5,'add_contenttype','Can add content type');
INSERT INTO "auth_permission" VALUES(18,5,'change_contenttype','Can change content type');
INSERT INTO "auth_permission" VALUES(19,5,'delete_contenttype','Can delete content type');
INSERT INTO "auth_permission" VALUES(20,5,'view_contenttype','Can view content type');
INSERT INTO "auth_permission" VALUES(21,6,'add_session','Can add session');
INSERT INTO "auth_permission" VALUES(22,6,'change_session','Can change session');
INSERT INTO "auth_permission" VALUES(23,6,'delete_session','Can delete session');
INSERT INTO "auth_permission" VALUES(24,6,'view_session','Can view session');
INSERT INTO "auth_permission" VALUES(25,7,'add_conductor','Can add conductor');
INSERT INTO "auth_permission" VALUES(26,7,'change_conductor','Can change conductor');
INSERT INTO "auth_permission" VALUES(27,7,'delete_conductor','Can delete conductor');
INSERT INTO "auth_permission" VALUES(28,7,'view_conductor','Can view conductor');
INSERT INTO "auth_permission" VALUES(29,8,'add_propietario','Can add propietario');
INSERT INTO "auth_permission" VALUES(30,8,'change_propietario','Can change propietario');
INSERT INTO "auth_permission" VALUES(31,8,'delete_propietario','Can delete propietario');
INSERT INTO "auth_permission" VALUES(32,8,'view_propietario','Can view propietario');
INSERT INTO "auth_permission" VALUES(33,9,'add_sede','Can add sede');
INSERT INTO "auth_permission" VALUES(34,9,'change_sede','Can change sede');
INSERT INTO "auth_permission" VALUES(35,9,'delete_sede','Can delete sede');
INSERT INTO "auth_permission" VALUES(36,9,'view_sede','Can view sede');
INSERT INTO "auth_permission" VALUES(37,10,'add_programacion','Can add programacion');
INSERT INTO "auth_permission" VALUES(38,10,'change_programacion','Can change programacion');
INSERT INTO "auth_permission" VALUES(39,10,'delete_programacion','Can delete programacion');
INSERT INTO "auth_permission" VALUES(40,10,'view_programacion','Can view programacion');
INSERT INTO "auth_permission" VALUES(41,11,'add_encomienda','Can add encomienda');
INSERT INTO "auth_permission" VALUES(42,11,'change_encomienda','Can change encomienda');
INSERT INTO "auth_permission" VALUES(43,11,'delete_encomienda','Can delete encomienda');
INSERT INTO "auth_permission" VALUES(44,11,'view_encomienda','Can view encomienda');
INSERT INTO "auth_permission" VALUES(45,12,'add_vehiculo','Can add vehiculo');
INSERT INTO "auth_permission" VALUES(46,12,'change_vehiculo','Can change vehiculo');
INSERT INTO "auth_permission" VALUES(47,12,'delete_vehiculo','Can delete vehiculo');
INSERT INTO "auth_permission" VALUES(48,12,'view_vehiculo','Can view vehiculo');
INSERT INTO "auth_permission" VALUES(49,13,'add_djangojob','Can add django job');
INSERT INTO "auth_permission" VALUES(50,13,'change_djangojob','Can change django job');
INSERT INTO "auth_permission" VALUES(51,13,'delete_djangojob','Can delete django job');
INSERT INTO "auth_permission" VALUES(52,13,'view_djangojob','Can view django job');
INSERT INTO "auth_permission" VALUES(53,14,'add_djangojobexecution','Can add django job execution');
INSERT INTO "auth_permission" VALUES(54,14,'change_djangojobexecution','Can change django job execution');
INSERT INTO "auth_permission" VALUES(55,14,'delete_djangojobexecution','Can delete django job execution');
INSERT INTO "auth_permission" VALUES(56,14,'view_djangojobexecution','Can view django job execution');
CREATE INDEX IF NOT EXISTS "GestorApp_encomienda_programacion_id_0c9765a5" ON "GestorApp_encomienda" ("programacion_id");
CREATE INDEX IF NOT EXISTS "GestorApp_vehiculo_propietario_id_3a4563d5" ON "GestorApp_vehiculo" ("propietario_id");
CREATE INDEX IF NOT EXISTS "GestorApp_programacion_conductor_id_fad8ed81" ON "GestorApp_programacion" ("conductor_id");
CREATE INDEX IF NOT EXISTS "GestorApp_programacion_destino_id_7278cf04" ON "GestorApp_programacion" ("destino_id");
CREATE INDEX IF NOT EXISTS "GestorApp_programacion_origen_id_7d46a29d" ON "GestorApp_programacion" ("origen_id");
CREATE INDEX IF NOT EXISTS "GestorApp_programacion_vehiculo_id_013bea4e" ON "GestorApp_programacion" ("vehiculo_id");
CREATE UNIQUE INDEX "auth_group_permissions_group_id_permission_id_0cd325b0_uniq" ON "auth_group_permissions" ("group_id", "permission_id");
CREATE INDEX IF NOT EXISTS "auth_group_permissions_group_id_b120cbf9" ON "auth_group_permissions" ("group_id");
CREATE INDEX IF NOT EXISTS "auth_group_permissions_permission_id_84c5c92e" ON "auth_group_permissions" ("permission_id");
CREATE UNIQUE INDEX "auth_user_groups_user_id_group_id_94350c0c_uniq" ON "auth_user_groups" ("user_id", "group_id");
CREATE INDEX IF NOT EXISTS "auth_user_groups_user_id_6a12ed8b" ON "auth_user_groups" ("user_id");
CREATE INDEX IF NOT EXISTS "auth_user_groups_group_id_97559544" ON "auth_user_groups" ("group_id");
CREATE UNIQUE INDEX "auth_user_user_permissions_user_id_permission_id_14a6b632_uniq" ON "auth_user_user_permissions" ("user_id", "permission_id");
CREATE INDEX IF NOT EXISTS "auth_user_user_permissions_user_id_a95ead1b" ON "auth_user_user_permissions" ("user_id");
CREATE INDEX IF NOT EXISTS "auth_user_user_permissions_permission_id_1fbb5f2c" ON "auth_user_user_permissions" ("permission_id");
CREATE INDEX IF NOT EXISTS "django_admin_log_content_type_id_c4bce8eb" ON "django_admin_log" ("content_type_id");
CREATE INDEX IF NOT EXISTS "django_admin_log_user_id_c564eba6" ON "django_admin_log" ("user_id");
CREATE UNIQUE INDEX "django_content_type_app_label_model_76bd3d3b_uniq" ON "django_content_type" ("app_label", "model");
CREATE UNIQUE INDEX "auth_permission_content_type_id_codename_01ab375a_uniq" ON "auth_permission" ("content_type_id", "codename");
CREATE INDEX IF NOT EXISTS "auth_permission_content_type_id_2f476e4b" ON "auth_permission" ("content_type_id");
CREATE INDEX IF NOT EXISTS "django_apscheduler_djangojob_next_run_time_2f022619" ON "django_apscheduler_djangojob" ("next_run_time");
CREATE INDEX IF NOT EXISTS "django_apscheduler_djangojobexecution_run_time_16edd96b" ON "django_apscheduler_djangojobexecution" ("run_time");
CREATE INDEX IF NOT EXISTS "django_apscheduler_djangojobexecution_job_id_daf5090a" ON "django_apscheduler_djangojobexecution" ("job_id");
CREATE INDEX IF NOT EXISTS "django_session_expire_date_a5c62663" ON "django_session" ("expire_date");
CREATE TABLE IF NOT EXISTS "auth_user" ("id" integer NOT NULL PRIMARY KEY AUTOINCREMENT, "password" varchar(128) NOT NULL, "last_login" datetime NULL, "is_superuser" bool NOT NULL, "username" varchar(150) NOT NULL UNIQUE, "last_name" varchar(150) NOT NULL, "email" varchar(254) NOT NULL, "is_staff" bool NOT NULL, "is_active" bool NOT NULL, "date_joined" datetime NOT NULL, "first_name" varchar(150) NOT NULL);
INSERT INTO "auth_user" VALUES(1,'pbkdf2_sha256$600000$mtjoi7SK3OWiUCSHYORSe6$cgCcbujdemCyU6vUvAbsDoaVZXlMrY09C1/iQKPsv5w=','2024-03-07 17:34:47.430502',1,'admin','Admin','cotraspla@hotmail.com',1,1,'2024-01-22 15:08:27.356220','Admin');
INSERT INTO "auth_user" VALUES(2,'pbkdf2_sha256$600000$95dWV7QDUxQ5VjV2uLzLHQ$er43ljDp5zracYIXEsCcFvQA5ogAehBG958XbGiRNiQ=',NULL,0,'admin_opearciones','','',1,1,'2024-02-12 05:00:00','');
INSERT INTO "auth_user" VALUES(3,'pbkdf2_sha256$600000$Ed5HLJqULOCDti02uEVDbv$zQ+evPd/16NlTZuCetUGmTzpN3CaMH1QZKQJnuNc97M=','2024-02-13 15:34:20.465395',0,'despachador','','',0,1,'2024-02-12 21:05:13','desp');
INSERT INTO "auth_user" VALUES(4,'pbkdf2_sha256$600000$sCRUlaJIwhFex3Kxt0hQ6o$Zrc6tyWvXwJs/Zdq0HCCmErl1YD14RMhbcRPmpIAgm0=','2024-02-28 00:24:23.944511',0,'pepito','Perez','pepe@colombia.com',0,1,'2024-02-28 00:24:21.883750','Pepito');
CREATE INDEX IF NOT EXISTS "GestorApp_encomienda_programacion_id_0c9765a5" ON "GestorApp_encomienda" ("programacion_id");
CREATE INDEX IF NOT EXISTS "GestorApp_vehiculo_propietario_id_3a4563d5" ON "GestorApp_vehiculo" ("propietario_id");
CREATE INDEX IF NOT EXISTS "GestorApp_programacion_conductor_id_fad8ed81" ON "GestorApp_programacion" ("conductor_id");
CREATE INDEX IF NOT EXISTS "GestorApp_programacion_destino_id_7278cf04" ON "GestorApp_programacion" ("destino_id");
CREATE INDEX IF NOT EXISTS "GestorApp_programacion_origen_id_7d46a29d" ON "GestorApp_programacion" ("origen_id");
CREATE INDEX IF NOT EXISTS "GestorApp_programacion_vehiculo_id_013bea4e" ON "GestorApp_programacion" ("vehiculo_id");
CREATE UNIQUE INDEX "auth_group_permissions_group_id_permission_id_0cd325b0_uniq" ON "auth_group_permissions" ("group_id", "permission_id");
CREATE INDEX IF NOT EXISTS "auth_group_permissions_group_id_b120cbf9" ON "auth_group_permissions" ("group_id");
CREATE INDEX IF NOT EXISTS "auth_group_permissions_permission_id_84c5c92e" ON "auth_group_permissions" ("permission_id");
CREATE UNIQUE INDEX "auth_user_groups_user_id_group_id_94350c0c_uniq" ON "auth_user_groups" ("user_id", "group_id");
CREATE INDEX IF NOT EXISTS "auth_user_groups_user_id_6a12ed8b" ON "auth_user_groups" ("user_id");
CREATE INDEX IF NOT EXISTS "auth_user_groups_group_id_97559544" ON "auth_user_groups" ("group_id");
CREATE UNIQUE INDEX "auth_user_user_permissions_user_id_permission_id_14a6b632_uniq" ON "auth_user_user_permissions" ("user_id", "permission_id");
CREATE INDEX IF NOT EXISTS "auth_user_user_permissions_user_id_a95ead1b" ON "auth_user_user_permissions" ("user_id");
CREATE INDEX IF NOT EXISTS "auth_user_user_permissions_permission_id_1fbb5f2c" ON "auth_user_user_permissions" ("permission_id");
CREATE INDEX IF NOT EXISTS "django_admin_log_content_type_id_c4bce8eb" ON "django_admin_log" ("content_type_id");
CREATE INDEX IF NOT EXISTS "django_admin_log_user_id_c564eba6" ON "django_admin_log" ("user_id");
CREATE UNIQUE INDEX "django_content_type_app_label_model_76bd3d3b_uniq" ON "django_content_type" ("app_label", "model");
CREATE UNIQUE INDEX "auth_permission_content_type_id_codename_01ab375a_uniq" ON "auth_permission" ("content_type_id", "codename");
CREATE INDEX IF NOT EXISTS "auth_permission_content_type_id_2f476e4b" ON "auth_permission" ("content_type_id");
CREATE INDEX IF NOT EXISTS "django_apscheduler_djangojob_next_run_time_2f022619" ON "django_apscheduler_djangojob" ("next_run_time");
CREATE INDEX IF NOT EXISTS "django_apscheduler_djangojobexecution_run_time_16edd96b" ON "django_apscheduler_djangojobexecution" ("run_time");
CREATE INDEX IF NOT EXISTS "django_apscheduler_djangojobexecution_job_id_daf5090a" ON "django_apscheduler_djangojobexecution" ("job_id");
CREATE INDEX IF NOT EXISTS "django_session_expire_date_a5c62663" ON "django_session" ("expire_date");
CREATE TABLE IF NOT EXISTS "auth_user_groups" ("id" integer NOT NULL PRIMARY KEY AUTOINCREMENT, "user_id" integer NOT NULL REFERENCES "auth_user" ("id") DEFERRABLE INITIALLY DEFERRED, "group_id" integer NOT NULL REFERENCES "auth_group" ("id") DEFERRABLE INITIALLY DEFERRED);
INSERT INTO "auth_user_groups" VALUES(1,3,1);
CREATE INDEX IF NOT EXISTS "GestorApp_encomienda_programacion_id_0c9765a5" ON "GestorApp_encomienda" ("programacion_id");
CREATE INDEX IF NOT EXISTS "GestorApp_vehiculo_propietario_id_3a4563d5" ON "GestorApp_vehiculo" ("propietario_id");
CREATE INDEX IF NOT EXISTS "GestorApp_programacion_conductor_id_fad8ed81" ON "GestorApp_programacion" ("conductor_id");
CREATE INDEX IF NOT EXISTS "GestorApp_programacion_destino_id_7278cf04" ON "GestorApp_programacion" ("destino_id");
CREATE INDEX IF NOT EXISTS "GestorApp_programacion_origen_id_7d46a29d" ON "GestorApp_programacion" ("origen_id");
CREATE INDEX IF NOT EXISTS "GestorApp_programacion_vehiculo_id_013bea4e" ON "GestorApp_programacion" ("vehiculo_id");
CREATE UNIQUE INDEX "auth_group_permissions_group_id_permission_id_0cd325b0_uniq" ON "auth_group_permissions" ("group_id", "permission_id");
CREATE INDEX IF NOT EXISTS "auth_group_permissions_group_id_b120cbf9" ON "auth_group_permissions" ("group_id");
CREATE INDEX IF NOT EXISTS "auth_group_permissions_permission_id_84c5c92e" ON "auth_group_permissions" ("permission_id");
CREATE UNIQUE INDEX "auth_user_groups_user_id_group_id_94350c0c_uniq" ON "auth_user_groups" ("user_id", "group_id");
CREATE INDEX IF NOT EXISTS "auth_user_groups_user_id_6a12ed8b" ON "auth_user_groups" ("user_id");
CREATE INDEX IF NOT EXISTS "auth_user_groups_group_id_97559544" ON "auth_user_groups" ("group_id");
CREATE UNIQUE INDEX "auth_user_user_permissions_user_id_permission_id_14a6b632_uniq" ON "auth_user_user_permissions" ("user_id", "permission_id");
CREATE INDEX IF NOT EXISTS "auth_user_user_permissions_user_id_a95ead1b" ON "auth_user_user_permissions" ("user_id");
CREATE INDEX IF NOT EXISTS "auth_user_user_permissions_permission_id_1fbb5f2c" ON "auth_user_user_permissions" ("permission_id");
CREATE INDEX IF NOT EXISTS "django_admin_log_content_type_id_c4bce8eb" ON "django_admin_log" ("content_type_id");
CREATE INDEX IF NOT EXISTS "django_admin_log_user_id_c564eba6" ON "django_admin_log" ("user_id");
CREATE UNIQUE INDEX "django_content_type_app_label_model_76bd3d3b_uniq" ON "django_content_type" ("app_label", "model");
CREATE UNIQUE INDEX "auth_permission_content_type_id_codename_01ab375a_uniq" ON "auth_permission" ("content_type_id", "codename");
CREATE INDEX IF NOT EXISTS "auth_permission_content_type_id_2f476e4b" ON "auth_permission" ("content_type_id");
CREATE INDEX IF NOT EXISTS "django_apscheduler_djangojob_next_run_time_2f022619" ON "django_apscheduler_djangojob" ("next_run_time");
CREATE INDEX IF NOT EXISTS "django_apscheduler_djangojobexecution_run_time_16edd96b" ON "django_apscheduler_djangojobexecution" ("run_time");
CREATE INDEX IF NOT EXISTS "django_apscheduler_djangojobexecution_job_id_daf5090a" ON "django_apscheduler_djangojobexecution" ("job_id");
CREATE INDEX IF NOT EXISTS "django_session_expire_date_a5c62663" ON "django_session" ("expire_date");
CREATE TABLE IF NOT EXISTS "auth_user_user_permissions" ("id" integer NOT NULL PRIMARY KEY AUTOINCREMENT, "user_id" integer NOT NULL REFERENCES "auth_user" ("id") DEFERRABLE INITIALLY DEFERRED, "permission_id" integer NOT NULL REFERENCES "auth_permission" ("id") DEFERRABLE INITIALLY DEFERRED);
INSERT INTO "auth_user_user_permissions" VALUES(1,2,1);
INSERT INTO "auth_user_user_permissions" VALUES(2,2,2);
INSERT INTO "auth_user_user_permissions" VALUES(3,2,3);
INSERT INTO "auth_user_user_permissions" VALUES(4,2,4);
INSERT INTO "auth_user_user_permissions" VALUES(5,2,5);
INSERT INTO "auth_user_user_permissions" VALUES(6,2,6);
INSERT INTO "auth_user_user_permissions" VALUES(7,2,7);
INSERT INTO "auth_user_user_permissions" VALUES(8,2,8);
INSERT INTO "auth_user_user_permissions" VALUES(9,2,9);
INSERT INTO "auth_user_user_permissions" VALUES(10,2,10);
INSERT INTO "auth_user_user_permissions" VALUES(11,2,11);
INSERT INTO "auth_user_user_permissions" VALUES(12,2,12);
INSERT INTO "auth_user_user_permissions" VALUES(13,2,13);
INSERT INTO "auth_user_user_permissions" VALUES(14,2,14);
INSERT INTO "auth_user_user_permissions" VALUES(15,2,15);
INSERT INTO "auth_user_user_permissions" VALUES(16,2,16);
INSERT INTO "auth_user_user_permissions" VALUES(17,2,17);
INSERT INTO "auth_user_user_permissions" VALUES(18,2,18);
INSERT INTO "auth_user_user_permissions" VALUES(19,2,19);
INSERT INTO "auth_user_user_permissions" VALUES(20,2,20);
INSERT INTO "auth_user_user_permissions" VALUES(21,2,21);
INSERT INTO "auth_user_user_permissions" VALUES(22,2,22);
INSERT INTO "auth_user_user_permissions" VALUES(23,2,23);
INSERT INTO "auth_user_user_permissions" VALUES(24,2,24);
INSERT INTO "auth_user_user_permissions" VALUES(25,2,25);
INSERT INTO "auth_user_user_permissions" VALUES(26,2,26);
INSERT INTO "auth_user_user_permissions" VALUES(27,2,27);
INSERT INTO "auth_user_user_permissions" VALUES(28,2,28);
INSERT INTO "auth_user_user_permissions" VALUES(29,2,29);
INSERT INTO "auth_user_user_permissions" VALUES(30,2,30);
INSERT INTO "auth_user_user_permissions" VALUES(31,2,31);
INSERT INTO "auth_user_user_permissions" VALUES(32,2,32);
INSERT INTO "auth_user_user_permissions" VALUES(33,2,33);
INSERT INTO "auth_user_user_permissions" VALUES(34,2,34);
INSERT INTO "auth_user_user_permissions" VALUES(35,2,35);
INSERT INTO "auth_user_user_permissions" VALUES(36,2,36);
INSERT INTO "auth_user_user_permissions" VALUES(37,2,37);
INSERT INTO "auth_user_user_permissions" VALUES(38,2,38);
INSERT INTO "auth_user_user_permissions" VALUES(39,2,39);
INSERT INTO "auth_user_user_permissions" VALUES(40,2,40);
INSERT INTO "auth_user_user_permissions" VALUES(41,2,41);
INSERT INTO "auth_user_user_permissions" VALUES(42,2,42);
INSERT INTO "auth_user_user_permissions" VALUES(43,2,43);
INSERT INTO "auth_user_user_permissions" VALUES(44,2,44);
INSERT INTO "auth_user_user_permissions" VALUES(45,2,45);
INSERT INTO "auth_user_user_permissions" VALUES(46,2,46);
INSERT INTO "auth_user_user_permissions" VALUES(47,2,47);
INSERT INTO "auth_user_user_permissions" VALUES(48,2,48);
INSERT INTO "auth_user_user_permissions" VALUES(49,2,49);
INSERT INTO "auth_user_user_permissions" VALUES(50,2,50);
INSERT INTO "auth_user_user_permissions" VALUES(51,2,51);
INSERT INTO "auth_user_user_permissions" VALUES(52,2,52);
INSERT INTO "auth_user_user_permissions" VALUES(53,2,53);
INSERT INTO "auth_user_user_permissions" VALUES(54,2,54);
INSERT INTO "auth_user_user_permissions" VALUES(55,2,55);
INSERT INTO "auth_user_user_permissions" VALUES(56,2,56);
INSERT INTO "auth_user_user_permissions" VALUES(57,3,36);
INSERT INTO "auth_user_user_permissions" VALUES(58,3,40);
INSERT INTO "auth_user_user_permissions" VALUES(59,3,41);
INSERT INTO "auth_user_user_permissions" VALUES(60,3,42);
INSERT INTO "auth_user_user_permissions" VALUES(61,3,43);
INSERT INTO "auth_user_user_permissions" VALUES(62,3,44);
INSERT INTO "auth_user_user_permissions" VALUES(63,3,48);
CREATE INDEX IF NOT EXISTS "GestorApp_encomienda_programacion_id_0c9765a5" ON "GestorApp_encomienda" ("programacion_id");
CREATE INDEX IF NOT EXISTS "GestorApp_vehiculo_propietario_id_3a4563d5" ON "GestorApp_vehiculo" ("propietario_id");
CREATE INDEX IF NOT EXISTS "GestorApp_programacion_conductor_id_fad8ed81" ON "GestorApp_programacion" ("conductor_id");
CREATE INDEX IF NOT EXISTS "GestorApp_programacion_destino_id_7278cf04" ON "GestorApp_programacion" ("destino_id");
CREATE INDEX IF NOT EXISTS "GestorApp_programacion_origen_id_7d46a29d" ON "GestorApp_programacion" ("origen_id");
CREATE INDEX IF NOT EXISTS "GestorApp_programacion_vehiculo_id_013bea4e" ON "GestorApp_programacion" ("vehiculo_id");
CREATE UNIQUE INDEX "auth_group_permissions_group_id_permission_id_0cd325b0_uniq" ON "auth_group_permissions" ("group_id", "permission_id");
CREATE INDEX IF NOT EXISTS "auth_group_permissions_group_id_b120cbf9" ON "auth_group_permissions" ("group_id");
CREATE INDEX IF NOT EXISTS "auth_group_permissions_permission_id_84c5c92e" ON "auth_group_permissions" ("permission_id");
CREATE UNIQUE INDEX "auth_user_groups_user_id_group_id_94350c0c_uniq" ON "auth_user_groups" ("user_id", "group_id");
CREATE INDEX IF NOT EXISTS "auth_user_groups_user_id_6a12ed8b" ON "auth_user_groups" ("user_id");
CREATE INDEX IF NOT EXISTS "auth_user_groups_group_id_97559544" ON "auth_user_groups" ("group_id");
CREATE UNIQUE INDEX "auth_user_user_permissions_user_id_permission_id_14a6b632_uniq" ON "auth_user_user_permissions" ("user_id", "permission_id");
CREATE INDEX IF NOT EXISTS "auth_user_user_permissions_user_id_a95ead1b" ON "auth_user_user_permissions" ("user_id");
CREATE INDEX IF NOT EXISTS "auth_user_user_permissions_permission_id_1fbb5f2c" ON "auth_user_user_permissions" ("permission_id");
CREATE INDEX IF NOT EXISTS "django_admin_log_content_type_id_c4bce8eb" ON "django_admin_log" ("content_type_id");
CREATE INDEX IF NOT EXISTS "django_admin_log_user_id_c564eba6" ON "django_admin_log" ("user_id");
CREATE UNIQUE INDEX "django_content_type_app_label_model_76bd3d3b_uniq" ON "django_content_type" ("app_label", "model");
CREATE UNIQUE INDEX "auth_permission_content_type_id_codename_01ab375a_uniq" ON "auth_permission" ("content_type_id", "codename");
CREATE INDEX IF NOT EXISTS "auth_permission_content_type_id_2f476e4b" ON "auth_permission" ("content_type_id");
CREATE INDEX IF NOT EXISTS "django_apscheduler_djangojob_next_run_time_2f022619" ON "django_apscheduler_djangojob" ("next_run_time");
CREATE INDEX IF NOT EXISTS "django_apscheduler_djangojobexecution_run_time_16edd96b" ON "django_apscheduler_djangojobexecution" ("run_time");
CREATE INDEX IF NOT EXISTS "django_apscheduler_djangojobexecution_job_id_daf5090a" ON "django_apscheduler_djangojobexecution" ("job_id");
CREATE INDEX IF NOT EXISTS "django_session_expire_date_a5c62663" ON "django_session" ("expire_date");
CREATE TABLE IF NOT EXISTS "django_admin_log" ("id" integer NOT NULL PRIMARY KEY AUTOINCREMENT, "object_id" text NULL, "object_repr" varchar(200) NOT NULL, "action_flag" smallint unsigned NOT NULL CHECK ("action_flag" >= 0), "change_message" text NOT NULL, "content_type_id" integer NULL REFERENCES "django_content_type" ("id") DEFERRABLE INITIALLY DEFERRED, "user_id" integer NOT NULL REFERENCES "auth_user" ("id") DEFERRABLE INITIALLY DEFERRED, "action_time" datetime NOT NULL);
INSERT INTO "django_admin_log" VALUES(1,'1','A - 1001',1,'[{"added": {}}]',7,1,'2024-01-22 16:28:50.266379');
INSERT INTO "django_admin_log" VALUES(2,'2','B - 1002',1,'[{"added": {}}]',7,1,'2024-01-22 16:30:18.829529');
INSERT INTO "django_admin_log" VALUES(3,'1','I',1,'[{"added": {}}]',8,1,'2024-01-22 16:48:38.197590');
INSERT INTO "django_admin_log" VALUES(4,'2','II',1,'[{"added": {}}]',8,1,'2024-01-22 16:48:54.710769');
INSERT INTO "django_admin_log" VALUES(5,'7','1001 - 1234',1,'[{"added": {}}]',10,1,'2024-01-23 13:53:30.865789');
INSERT INTO "django_admin_log" VALUES(6,'1','2024-01-24 10:01:20-05:00',1,'[{"added": {}}]',11,1,'2024-01-24 15:01:45.057233');
INSERT INTO "django_admin_log" VALUES(7,'2','admin_opearciones',1,'[{"added": {}}]',4,1,'2024-02-12 20:48:09.536779');
INSERT INTO "django_admin_log" VALUES(8,'2','admin_opearciones',2,'[{"changed": {"fields": ["Staff status", "User permissions", "Date joined"]}}]',4,1,'2024-02-12 20:57:54.723836');
INSERT INTO "django_admin_log" VALUES(9,'1','despachadores',1,'[{"added": {}}]',3,1,'2024-02-12 21:03:13.016174');
INSERT INTO "django_admin_log" VALUES(10,'3','despachador',1,'[{"added": {}}]',4,1,'2024-02-12 21:05:14.254520');
INSERT INTO "django_admin_log" VALUES(11,'3','despachador',2,'[{"changed": {"fields": ["Groups"]}}]',4,1,'2024-02-12 21:05:36.223599');
INSERT INTO "django_admin_log" VALUES(12,'1','despachadores',2,'[]',3,1,'2024-02-13 15:24:40.621959');
INSERT INTO "django_admin_log" VALUES(13,'3','despachador',2,'[{"changed": {"fields": ["User permissions"]}}]',4,1,'2024-02-13 15:27:49.561211');
INSERT INTO "django_admin_log" VALUES(14,'3','despachador',2,'[{"changed": {"fields": ["password"]}}]',4,1,'2024-02-13 15:29:35.285875');
INSERT INTO "django_admin_log" VALUES(15,'3','despachador',2,'[{"changed": {"fields": ["First name"]}}]',4,1,'2024-02-13 15:33:20.309151');
CREATE INDEX IF NOT EXISTS "GestorApp_encomienda_programacion_id_0c9765a5" ON "GestorApp_encomienda" ("programacion_id");
CREATE INDEX IF NOT EXISTS "GestorApp_vehiculo_propietario_id_3a4563d5" ON "GestorApp_vehiculo" ("propietario_id");
CREATE INDEX IF NOT EXISTS "GestorApp_programacion_conductor_id_fad8ed81" ON "GestorApp_programacion" ("conductor_id");
CREATE INDEX IF NOT EXISTS "GestorApp_programacion_destino_id_7278cf04" ON "GestorApp_programacion" ("destino_id");
CREATE INDEX IF NOT EXISTS "GestorApp_programacion_origen_id_7d46a29d" ON "GestorApp_programacion" ("origen_id");
CREATE INDEX IF NOT EXISTS "GestorApp_programacion_vehiculo_id_013bea4e" ON "GestorApp_programacion" ("vehiculo_id");
CREATE UNIQUE INDEX "auth_group_permissions_group_id_permission_id_0cd325b0_uniq" ON "auth_group_permissions" ("group_id", "permission_id");
CREATE INDEX IF NOT EXISTS "auth_group_permissions_group_id_b120cbf9" ON "auth_group_permissions" ("group_id");
CREATE INDEX IF NOT EXISTS "auth_group_permissions_permission_id_84c5c92e" ON "auth_group_permissions" ("permission_id");
CREATE UNIQUE INDEX "auth_user_groups_user_id_group_id_94350c0c_uniq" ON "auth_user_groups" ("user_id", "group_id");
CREATE INDEX IF NOT EXISTS "auth_user_groups_user_id_6a12ed8b" ON "auth_user_groups" ("user_id");
CREATE INDEX IF NOT EXISTS "auth_user_groups_group_id_97559544" ON "auth_user_groups" ("group_id");
CREATE UNIQUE INDEX "auth_user_user_permissions_user_id_permission_id_14a6b632_uniq" ON "auth_user_user_permissions" ("user_id", "permission_id");
CREATE INDEX IF NOT EXISTS "auth_user_user_permissions_user_id_a95ead1b" ON "auth_user_user_permissions" ("user_id");
CREATE INDEX IF NOT EXISTS "auth_user_user_permissions_permission_id_1fbb5f2c" ON "auth_user_user_permissions" ("permission_id");
CREATE INDEX IF NOT EXISTS "django_admin_log_content_type_id_c4bce8eb" ON "django_admin_log" ("content_type_id");
CREATE INDEX IF NOT EXISTS "django_admin_log_user_id_c564eba6" ON "django_admin_log" ("user_id");
CREATE UNIQUE INDEX "django_content_type_app_label_model_76bd3d3b_uniq" ON "django_content_type" ("app_label", "model");
CREATE UNIQUE INDEX "auth_permission_content_type_id_codename_01ab375a_uniq" ON "auth_permission" ("content_type_id", "codename");
CREATE INDEX IF NOT EXISTS "auth_permission_content_type_id_2f476e4b" ON "auth_permission" ("content_type_id");
CREATE INDEX IF NOT EXISTS "django_apscheduler_djangojob_next_run_time_2f022619" ON "django_apscheduler_djangojob" ("next_run_time");
CREATE INDEX IF NOT EXISTS "django_apscheduler_djangojobexecution_run_time_16edd96b" ON "django_apscheduler_djangojobexecution" ("run_time");
CREATE INDEX IF NOT EXISTS "django_apscheduler_djangojobexecution_job_id_daf5090a" ON "django_apscheduler_djangojobexecution" ("job_id");
CREATE INDEX IF NOT EXISTS "django_session_expire_date_a5c62663" ON "django_session" ("expire_date");
CREATE TABLE IF NOT EXISTS "django_apscheduler_djangojob" ("id" varchar(255) NOT NULL PRIMARY KEY, "next_run_time" datetime NULL, "job_state" BLOB NOT NULL);
CREATE INDEX IF NOT EXISTS "GestorApp_encomienda_programacion_id_0c9765a5" ON "GestorApp_encomienda" ("programacion_id");
CREATE INDEX IF NOT EXISTS "GestorApp_vehiculo_propietario_id_3a4563d5" ON "GestorApp_vehiculo" ("propietario_id");
CREATE INDEX IF NOT EXISTS "GestorApp_programacion_conductor_id_fad8ed81" ON "GestorApp_programacion" ("conductor_id");
CREATE INDEX IF NOT EXISTS "GestorApp_programacion_destino_id_7278cf04" ON "GestorApp_programacion" ("destino_id");
CREATE INDEX IF NOT EXISTS "GestorApp_programacion_origen_id_7d46a29d" ON "GestorApp_programacion" ("origen_id");
CREATE INDEX IF NOT EXISTS "GestorApp_programacion_vehiculo_id_013bea4e" ON "GestorApp_programacion" ("vehiculo_id");
CREATE UNIQUE INDEX "auth_group_permissions_group_id_permission_id_0cd325b0_uniq" ON "auth_group_permissions" ("group_id", "permission_id");
CREATE INDEX IF NOT EXISTS "auth_group_permissions_group_id_b120cbf9" ON "auth_group_permissions" ("group_id");
CREATE INDEX IF NOT EXISTS "auth_group_permissions_permission_id_84c5c92e" ON "auth_group_permissions" ("permission_id");
CREATE UNIQUE INDEX "auth_user_groups_user_id_group_id_94350c0c_uniq" ON "auth_user_groups" ("user_id", "group_id");
CREATE INDEX IF NOT EXISTS "auth_user_groups_user_id_6a12ed8b" ON "auth_user_groups" ("user_id");
CREATE INDEX IF NOT EXISTS "auth_user_groups_group_id_97559544" ON "auth_user_groups" ("group_id");
CREATE UNIQUE INDEX "auth_user_user_permissions_user_id_permission_id_14a6b632_uniq" ON "auth_user_user_permissions" ("user_id", "permission_id");
CREATE INDEX IF NOT EXISTS "auth_user_user_permissions_user_id_a95ead1b" ON "auth_user_user_permissions" ("user_id");
CREATE INDEX IF NOT EXISTS "auth_user_user_permissions_permission_id_1fbb5f2c" ON "auth_user_user_permissions" ("permission_id");
CREATE INDEX IF NOT EXISTS "django_admin_log_content_type_id_c4bce8eb" ON "django_admin_log" ("content_type_id");
CREATE INDEX IF NOT EXISTS "django_admin_log_user_id_c564eba6" ON "django_admin_log" ("user_id");
CREATE UNIQUE INDEX "django_content_type_app_label_model_76bd3d3b_uniq" ON "django_content_type" ("app_label", "model");
CREATE UNIQUE INDEX "auth_permission_content_type_id_codename_01ab375a_uniq" ON "auth_permission" ("content_type_id", "codename");
CREATE INDEX IF NOT EXISTS "auth_permission_content_type_id_2f476e4b" ON "auth_permission" ("content_type_id");
CREATE INDEX IF NOT EXISTS "django_apscheduler_djangojob_next_run_time_2f022619" ON "django_apscheduler_djangojob" ("next_run_time");
CREATE INDEX IF NOT EXISTS "django_apscheduler_djangojobexecution_run_time_16edd96b" ON "django_apscheduler_djangojobexecution" ("run_time");
CREATE INDEX IF NOT EXISTS "django_apscheduler_djangojobexecution_job_id_daf5090a" ON "django_apscheduler_djangojobexecution" ("job_id");
CREATE INDEX IF NOT EXISTS "django_session_expire_date_a5c62663" ON "django_session" ("expire_date");
CREATE TABLE IF NOT EXISTS "django_apscheduler_djangojobexecution" ("id" integer NOT NULL PRIMARY KEY AUTOINCREMENT, "status" varchar(50) NOT NULL, "run_time" datetime NOT NULL, "duration" decimal NULL, "finished" decimal NULL, "exception" varchar(1000) NULL, "traceback" text NULL, "job_id" varchar(255) NOT NULL REFERENCES "django_apscheduler_djangojob" ("id") DEFERRABLE INITIALLY DEFERRED, CONSTRAINT "unique_job_executions" UNIQUE ("job_id", "run_time"));
CREATE INDEX IF NOT EXISTS "GestorApp_encomienda_programacion_id_0c9765a5" ON "GestorApp_encomienda" ("programacion_id");
CREATE INDEX IF NOT EXISTS "GestorApp_vehiculo_propietario_id_3a4563d5" ON "GestorApp_vehiculo" ("propietario_id");
CREATE INDEX IF NOT EXISTS "GestorApp_programacion_conductor_id_fad8ed81" ON "GestorApp_programacion" ("conductor_id");
CREATE INDEX IF NOT EXISTS "GestorApp_programacion_destino_id_7278cf04" ON "GestorApp_programacion" ("destino_id");
CREATE INDEX IF NOT EXISTS "GestorApp_programacion_origen_id_7d46a29d" ON "GestorApp_programacion" ("origen_id");
CREATE INDEX IF NOT EXISTS "GestorApp_programacion_vehiculo_id_013bea4e" ON "GestorApp_programacion" ("vehiculo_id");
CREATE UNIQUE INDEX "auth_group_permissions_group_id_permission_id_0cd325b0_uniq" ON "auth_group_permissions" ("group_id", "permission_id");
CREATE INDEX IF NOT EXISTS "auth_group_permissions_group_id_b120cbf9" ON "auth_group_permissions" ("group_id");
CREATE INDEX IF NOT EXISTS "auth_group_permissions_permission_id_84c5c92e" ON "auth_group_permissions" ("permission_id");
CREATE UNIQUE INDEX "auth_user_groups_user_id_group_id_94350c0c_uniq" ON "auth_user_groups" ("user_id", "group_id");
CREATE INDEX IF NOT EXISTS "auth_user_groups_user_id_6a12ed8b" ON "auth_user_groups" ("user_id");
CREATE INDEX IF NOT EXISTS "auth_user_groups_group_id_97559544" ON "auth_user_groups" ("group_id");
CREATE UNIQUE INDEX "auth_user_user_permissions_user_id_permission_id_14a6b632_uniq" ON "auth_user_user_permissions" ("user_id", "permission_id");
CREATE INDEX IF NOT EXISTS "auth_user_user_permissions_user_id_a95ead1b" ON "auth_user_user_permissions" ("user_id");
CREATE INDEX IF NOT EXISTS "auth_user_user_permissions_permission_id_1fbb5f2c" ON "auth_user_user_permissions" ("permission_id");
CREATE INDEX IF NOT EXISTS "django_admin_log_content_type_id_c4bce8eb" ON "django_admin_log" ("content_type_id");
CREATE INDEX IF NOT EXISTS "django_admin_log_user_id_c564eba6" ON "django_admin_log" ("user_id");
CREATE UNIQUE INDEX "django_content_type_app_label_model_76bd3d3b_uniq" ON "django_content_type" ("app_label", "model");
CREATE UNIQUE INDEX "auth_permission_content_type_id_codename_01ab375a_uniq" ON "auth_permission" ("content_type_id", "codename");
CREATE INDEX IF NOT EXISTS "auth_permission_content_type_id_2f476e4b" ON "auth_permission" ("content_type_id");
CREATE INDEX IF NOT EXISTS "django_apscheduler_djangojob_next_run_time_2f022619" ON "django_apscheduler_djangojob" ("next_run_time");
CREATE INDEX IF NOT EXISTS "django_apscheduler_djangojobexecution_run_time_16edd96b" ON "django_apscheduler_djangojobexecution" ("run_time");
CREATE INDEX IF NOT EXISTS "django_apscheduler_djangojobexecution_job_id_daf5090a" ON "django_apscheduler_djangojobexecution" ("job_id");
CREATE INDEX IF NOT EXISTS "django_session_expire_date_a5c62663" ON "django_session" ("expire_date");
CREATE TABLE IF NOT EXISTS "django_content_type" ("id" integer NOT NULL PRIMARY KEY AUTOINCREMENT, "app_label" varchar(100) NOT NULL, "model" varchar(100) NOT NULL);
INSERT INTO "django_content_type" VALUES(1,'admin','logentry');
INSERT INTO "django_content_type" VALUES(2,'auth','permission');
INSERT INTO "django_content_type" VALUES(3,'auth','group');
INSERT INTO "django_content_type" VALUES(4,'auth','user');
INSERT INTO "django_content_type" VALUES(5,'contenttypes','contenttype');
INSERT INTO "django_content_type" VALUES(6,'sessions','session');
INSERT INTO "django_content_type" VALUES(7,'GestorApp','conductor');
INSERT INTO "django_content_type" VALUES(8,'GestorApp','propietario');
INSERT INTO "django_content_type" VALUES(9,'GestorApp','sede');
INSERT INTO "django_content_type" VALUES(10,'GestorApp','programacion');
INSERT INTO "django_content_type" VALUES(11,'GestorApp','encomienda');
INSERT INTO "django_content_type" VALUES(12,'GestorApp','vehiculo');
INSERT INTO "django_content_type" VALUES(13,'django_apscheduler','djangojob');
INSERT INTO "django_content_type" VALUES(14,'django_apscheduler','djangojobexecution');
CREATE INDEX IF NOT EXISTS "GestorApp_encomienda_programacion_id_0c9765a5" ON "GestorApp_encomienda" ("programacion_id");
CREATE INDEX IF NOT EXISTS "GestorApp_vehiculo_propietario_id_3a4563d5" ON "GestorApp_vehiculo" ("propietario_id");
CREATE INDEX IF NOT EXISTS "GestorApp_programacion_conductor_id_fad8ed81" ON "GestorApp_programacion" ("conductor_id");
CREATE INDEX IF NOT EXISTS "GestorApp_programacion_destino_id_7278cf04" ON "GestorApp_programacion" ("destino_id");
CREATE INDEX IF NOT EXISTS "GestorApp_programacion_origen_id_7d46a29d" ON "GestorApp_programacion" ("origen_id");
CREATE INDEX IF NOT EXISTS "GestorApp_programacion_vehiculo_id_013bea4e" ON "GestorApp_programacion" ("vehiculo_id");
CREATE UNIQUE INDEX "auth_group_permissions_group_id_permission_id_0cd325b0_uniq" ON "auth_group_permissions" ("group_id", "permission_id");
CREATE INDEX IF NOT EXISTS "auth_group_permissions_group_id_b120cbf9" ON "auth_group_permissions" ("group_id");
CREATE INDEX IF NOT EXISTS "auth_group_permissions_permission_id_84c5c92e" ON "auth_group_permissions" ("permission_id");
CREATE UNIQUE INDEX "auth_user_groups_user_id_group_id_94350c0c_uniq" ON "auth_user_groups" ("user_id", "group_id");
CREATE INDEX IF NOT EXISTS "auth_user_groups_user_id_6a12ed8b" ON "auth_user_groups" ("user_id");
CREATE INDEX IF NOT EXISTS "auth_user_groups_group_id_97559544" ON "auth_user_groups" ("group_id");
CREATE UNIQUE INDEX "auth_user_user_permissions_user_id_permission_id_14a6b632_uniq" ON "auth_user_user_permissions" ("user_id", "permission_id");
CREATE INDEX IF NOT EXISTS "auth_user_user_permissions_user_id_a95ead1b" ON "auth_user_user_permissions" ("user_id");
CREATE INDEX IF NOT EXISTS "auth_user_user_permissions_permission_id_1fbb5f2c" ON "auth_user_user_permissions" ("permission_id");
CREATE INDEX IF NOT EXISTS "django_admin_log_content_type_id_c4bce8eb" ON "django_admin_log" ("content_type_id");
CREATE INDEX IF NOT EXISTS "django_admin_log_user_id_c564eba6" ON "django_admin_log" ("user_id");
CREATE UNIQUE INDEX "django_content_type_app_label_model_76bd3d3b_uniq" ON "django_content_type" ("app_label", "model");
CREATE UNIQUE INDEX "auth_permission_content_type_id_codename_01ab375a_uniq" ON "auth_permission" ("content_type_id", "codename");
CREATE INDEX IF NOT EXISTS "auth_permission_content_type_id_2f476e4b" ON "auth_permission" ("content_type_id");
CREATE INDEX IF NOT EXISTS "django_apscheduler_djangojob_next_run_time_2f022619" ON "django_apscheduler_djangojob" ("next_run_time");
CREATE INDEX IF NOT EXISTS "django_apscheduler_djangojobexecution_run_time_16edd96b" ON "django_apscheduler_djangojobexecution" ("run_time");
CREATE INDEX IF NOT EXISTS "django_apscheduler_djangojobexecution_job_id_daf5090a" ON "django_apscheduler_djangojobexecution" ("job_id");
CREATE INDEX IF NOT EXISTS "django_session_expire_date_a5c62663" ON "django_session" ("expire_date");
CREATE TABLE IF NOT EXISTS "django_migrations" ("id" integer NOT NULL PRIMARY KEY AUTOINCREMENT, "app" varchar(255) NOT NULL, "name" varchar(255) NOT NULL, "applied" datetime NOT NULL);
INSERT INTO "django_migrations" VALUES(1,'GestorApp','0001_initial','2024-01-22 15:07:45.418197');
INSERT INTO "django_migrations" VALUES(2,'contenttypes','0001_initial','2024-01-22 15:07:45.550330');
INSERT INTO "django_migrations" VALUES(3,'auth','0001_initial','2024-01-22 15:07:45.773272');
INSERT INTO "django_migrations" VALUES(4,'admin','0001_initial','2024-01-22 15:07:45.962837');
INSERT INTO "django_migrations" VALUES(5,'admin','0002_logentry_remove_auto_add','2024-01-22 15:07:46.101655');
INSERT INTO "django_migrations" VALUES(6,'admin','0003_logentry_add_action_flag_choices','2024-01-22 15:07:46.324156');
INSERT INTO "django_migrations" VALUES(7,'contenttypes','0002_remove_content_type_name','2024-01-22 15:07:46.473416');
INSERT INTO "django_migrations" VALUES(8,'auth','0002_alter_permission_name_max_length','2024-01-22 15:07:46.637467');
INSERT INTO "django_migrations" VALUES(9,'auth','0003_alter_user_email_max_length','2024-01-22 15:07:46.776198');
INSERT INTO "django_migrations" VALUES(10,'auth','0004_alter_user_username_opts','2024-01-22 15:07:46.923461');
INSERT INTO "django_migrations" VALUES(11,'auth','0005_alter_user_last_login_null','2024-01-22 15:07:47.039630');
INSERT INTO "django_migrations" VALUES(12,'auth','0006_require_contenttypes_0002','2024-01-22 15:07:47.163537');
INSERT INTO "django_migrations" VALUES(13,'auth','0007_alter_validators_add_error_messages','2024-01-22 15:07:47.272116');
INSERT INTO "django_migrations" VALUES(14,'auth','0008_alter_user_username_max_length','2024-01-22 15:07:47.430756');
INSERT INTO "django_migrations" VALUES(15,'auth','0009_alter_user_last_name_max_length','2024-01-22 15:07:47.610419');
INSERT INTO "django_migrations" VALUES(16,'auth','0010_alter_group_name_max_length','2024-01-22 15:07:47.723921');
INSERT INTO "django_migrations" VALUES(17,'auth','0011_update_proxy_permissions','2024-01-22 15:07:47.864202');
INSERT INTO "django_migrations" VALUES(18,'auth','0012_alter_user_first_name_max_length','2024-01-22 15:07:48.025754');
INSERT INTO "django_migrations" VALUES(19,'django_apscheduler','0001_initial','2024-01-22 15:07:48.284880');
INSERT INTO "django_migrations" VALUES(20,'django_apscheduler','0002_auto_20180412_0758','2024-01-22 15:07:48.436256');
INSERT INTO "django_migrations" VALUES(21,'django_apscheduler','0003_auto_20200716_1632','2024-01-22 15:07:48.578644');
INSERT INTO "django_migrations" VALUES(22,'django_apscheduler','0004_auto_20200717_1043','2024-01-22 15:07:48.717444');
INSERT INTO "django_migrations" VALUES(23,'django_apscheduler','0005_migrate_name_to_id','2024-01-22 15:07:48.905763');
INSERT INTO "django_migrations" VALUES(24,'django_apscheduler','0006_remove_djangojob_name','2024-01-22 15:07:49.014657');
INSERT INTO "django_migrations" VALUES(25,'django_apscheduler','0007_auto_20200717_1404','2024-01-22 15:07:49.163435');
INSERT INTO "django_migrations" VALUES(26,'django_apscheduler','0008_remove_djangojobexecution_started','2024-01-22 15:07:49.312882');
INSERT INTO "django_migrations" VALUES(27,'django_apscheduler','0009_djangojobexecution_unique_job_executions','2024-01-22 15:07:49.441195');
INSERT INTO "django_migrations" VALUES(28,'sessions','0001_initial','2024-01-22 15:07:49.640565');
CREATE INDEX IF NOT EXISTS "GestorApp_encomienda_programacion_id_0c9765a5" ON "GestorApp_encomienda" ("programacion_id");
CREATE INDEX IF NOT EXISTS "GestorApp_vehiculo_propietario_id_3a4563d5" ON "GestorApp_vehiculo" ("propietario_id");
CREATE INDEX IF NOT EXISTS "GestorApp_programacion_conductor_id_fad8ed81" ON "GestorApp_programacion" ("conductor_id");
CREATE INDEX IF NOT EXISTS "GestorApp_programacion_destino_id_7278cf04" ON "GestorApp_programacion" ("destino_id");
CREATE INDEX IF NOT EXISTS "GestorApp_programacion_origen_id_7d46a29d" ON "GestorApp_programacion" ("origen_id");
CREATE INDEX IF NOT EXISTS "GestorApp_programacion_vehiculo_id_013bea4e" ON "GestorApp_programacion" ("vehiculo_id");
CREATE UNIQUE INDEX "auth_group_permissions_group_id_permission_id_0cd325b0_uniq" ON "auth_group_permissions" ("group_id", "permission_id");
CREATE INDEX IF NOT EXISTS "auth_group_permissions_group_id_b120cbf9" ON "auth_group_permissions" ("group_id");
CREATE INDEX IF NOT EXISTS "auth_group_permissions_permission_id_84c5c92e" ON "auth_group_permissions" ("permission_id");
CREATE UNIQUE INDEX "auth_user_groups_user_id_group_id_94350c0c_uniq" ON "auth_user_groups" ("user_id", "group_id");
CREATE INDEX IF NOT EXISTS "auth_user_groups_user_id_6a12ed8b" ON "auth_user_groups" ("user_id");
CREATE INDEX IF NOT EXISTS "auth_user_groups_group_id_97559544" ON "auth_user_groups" ("group_id");
CREATE UNIQUE INDEX "auth_user_user_permissions_user_id_permission_id_14a6b632_uniq" ON "auth_user_user_permissions" ("user_id", "permission_id");
CREATE INDEX IF NOT EXISTS "auth_user_user_permissions_user_id_a95ead1b" ON "auth_user_user_permissions" ("user_id");
CREATE INDEX IF NOT EXISTS "auth_user_user_permissions_permission_id_1fbb5f2c" ON "auth_user_user_permissions" ("permission_id");
CREATE INDEX IF NOT EXISTS "django_admin_log_content_type_id_c4bce8eb" ON "django_admin_log" ("content_type_id");
CREATE INDEX IF NOT EXISTS "django_admin_log_user_id_c564eba6" ON "django_admin_log" ("user_id");
CREATE UNIQUE INDEX "django_content_type_app_label_model_76bd3d3b_uniq" ON "django_content_type" ("app_label", "model");
CREATE UNIQUE INDEX "auth_permission_content_type_id_codename_01ab375a_uniq" ON "auth_permission" ("content_type_id", "codename");
CREATE INDEX IF NOT EXISTS "auth_permission_content_type_id_2f476e4b" ON "auth_permission" ("content_type_id");
CREATE INDEX IF NOT EXISTS "django_apscheduler_djangojob_next_run_time_2f022619" ON "django_apscheduler_djangojob" ("next_run_time");
CREATE INDEX IF NOT EXISTS "django_apscheduler_djangojobexecution_run_time_16edd96b" ON "django_apscheduler_djangojobexecution" ("run_time");
CREATE INDEX IF NOT EXISTS "django_apscheduler_djangojobexecution_job_id_daf5090a" ON "django_apscheduler_djangojobexecution" ("job_id");
CREATE INDEX IF NOT EXISTS "django_session_expire_date_a5c62663" ON "django_session" ("expire_date");
CREATE TABLE IF NOT EXISTS "django_session" ("session_key" varchar(40) NOT NULL PRIMARY KEY, "session_data" text NOT NULL, "expire_date" datetime NOT NULL);
INSERT INTO "django_session" VALUES('xz9h40jtrpuws09b5vmv59ysgbs64cui','.eJxVjDsOwjAQBe_iGlkbr3-hpM8ZorXXxgHkSHFSIe5OIqWA9s28eYuRtrWMW0vLOLG4ik5cfrdA8ZnqAfhB9T7LONd1mYI8FHnSJoeZ0-t2un-BQq3sbwi9CxqtRiJmhWDBugRe6U4l8sG4qCywV7g3DXoDGfucLULHJpIRny_C5zcq:1rRwHe:fm4I2AADpBucz9T0ffPl2cp1DOuftDrNxRV1NXrAQaY','2024-02-05 15:32:22.540682');
INSERT INTO "django_session" VALUES('kix9d6j32ct57gnxu0lc4d83anb885hj','.eJxVjDsOwjAQBe_iGlkbr3-hpM8ZorXXxgHkSHFSIe5OIqWA9s28eYuRtrWMW0vLOLG4ik5cfrdA8ZnqAfhB9T7LONd1mYI8FHnSJoeZ0-t2un-BQq3sbwi9CxqtRiJmhWDBugRe6U4l8sG4qCywV7g3DXoDGfucLULHJpIRny_C5zcq:1rS0q3:LEuro9RnLd57G7zklcOBjFrfCgU8t8M3pva3_KVb3ow','2024-02-05 20:24:11.912053');
INSERT INTO "django_session" VALUES('flfb7btdef5iyqg3ungrbenyllczh9h0','.eJxVjDsOwjAQBe_iGlkbr3-hpM8ZorXXxgHkSHFSIe5OIqWA9s28eYuRtrWMW0vLOLG4ik5cfrdA8ZnqAfhB9T7LONd1mYI8FHnSJoeZ0-t2un-BQq3sbwi9CxqtRiJmhWDBugRe6U4l8sG4qCywV7g3DXoDGfucLULHJpIRny_C5zcq:1rSKPs:Tj9TPoTLKj_DDFjapq8oS0KSkZ87OYuTgs7ZmW1FAYQ','2024-02-06 17:18:28.362679');
INSERT INTO "django_session" VALUES('u7ahsadtw3fvfpi10dc3jsak7me2dxs9','.eJxVjM0OwiAQhN-FsyEgf8Wjd5-B7C4gVQNJaU_Gd5cmPWjmNPPNzJsF2NYStp6WMEd2YZKdfjMEeqa6g_iAem-cWl2XGfle4Qft_NZiel2P7t9BgV7G2oCy0uqzEhgToUMXnVSCQPkkrE6Yp-Gz9UOkXUZrQZL32phIUk_s8wXYpTd_:1rSQB5:NOsWDrKpVtySGJ0BRJI3dG9oqZJxHJRk97WIfuqBmOo','2024-02-06 23:27:35.564346');
INSERT INTO "django_session" VALUES('2i1u69pmleq71w8d3oohnv5z7jwf7fwf','.eJxVjDsOwjAQRO_iGln2xusPJX3OYHn9wQHkSHFSIe5OIqWAYpp5b-bNfNjW6reeFz8ldmWSXX47CvGZ2wHSI7T7zOPc1mUifij8pJ2Pc8qv2-n-HdTQ674GKfQeGxMSWqsFGGmkEIOWwjiCUgoWlOQUDA5QgbG2gIqBUJVkkX2-kWc2IA:1rYwgV:yIjDUv9Nq9Y6CRlY_oOmOsL_1Wr298toLEk_WUeB7xc','2024-02-24 23:22:59.419737');
INSERT INTO "django_session" VALUES('9vcrgk1oopu7kwp5j7snuk7ig14kzloh','.eJxVjMsOwiAQAP-FsyG8li0evfcbyMJSWzUlKe3J-O-GpAe9zkzmLSId-xyPVra4sLgKLS6_LFF-lrULftB6rzLXdd-WJHsiT9vkWLm8bmf7N5ipzX1r2TiDSRXrOJisgBFw8g7J--wG1AY5qQBh0p4KwKCzGrSaUkAgC-LzBbnUNrk:1rZvU7:FJAlHIlAUc26wVxar1CfXf0-dOgkp6RLOFGCCSSNEqI','2024-02-27 16:18:15.877563');
INSERT INTO "django_session" VALUES('ehaiuu06w65tntuciz3yb1cvffjlzes6','.eJxVjMsOwiAQAP-FsyG8li0evfcbyMJSWzUlKe3J-O-GpAe9zkzmLSId-xyPVra4sLgKLS6_LFF-lrULftB6rzLXdd-WJHsiT9vkWLm8bmf7N5ipzX1r2TiDSRXrOJisgBFw8g7J--wG1AY5qQBh0p4KwKCzGrSaUkAgC-LzBbnUNrk:1rf7uP:p2YMnbQEeyanonaPqEjhpppVafrnTm1rcYWEQL4kZ3o','2024-03-13 00:34:53.169515');
INSERT INTO "django_session" VALUES('59dx3rtg58m5pxqffse2b0v3v7vkaf3m','.eJxVjMsOwiAQAP-FsyG8li0evfcbyMJSWzUlKe3J-O-GpAe9zkzmLSId-xyPVra4sLgKLS6_LFF-lrULftB6rzLXdd-WJHsiT9vkWLm8bmf7N5ipzX1r2TiDSRXrOJisgBFw8g7J--wG1AY5qQBh0p4KwKCzGrSaUkAgC-LzBbnUNrk:1rf7yf:KM0ignq753itS40zInPRvQygwILKJDIDxuBX-OIJck8','2024-03-13 00:39:17.799010');
INSERT INTO "django_session" VALUES('98vmiz7hb497fm7wjrlgtvririiprkfj','.eJxVjMsOwiAQAP-FsyG8li0evfcbyMJSWzUlKe3J-O-GpAe9zkzmLSId-xyPVra4sLgKLS6_LFF-lrULftB6rzLXdd-WJHsiT9vkWLm8bmf7N5ipzX1r2TiDSRXrOJisgBFw8g7J--wG1AY5qQBh0p4KwKCzGrSaUkAgC-LzBbnUNrk:1rhA5n:fdnex00Aip1YJKqKexOg4RyvBnke318Z4iEW__DkVmY','2024-03-18 15:19:03.518129');
CREATE INDEX IF NOT EXISTS "GestorApp_encomienda_programacion_id_0c9765a5" ON "GestorApp_encomienda" ("programacion_id");
CREATE INDEX IF NOT EXISTS "GestorApp_vehiculo_propietario_id_3a4563d5" ON "GestorApp_vehiculo" ("propietario_id");
CREATE INDEX IF NOT EXISTS "GestorApp_programacion_conductor_id_fad8ed81" ON "GestorApp_programacion" ("conductor_id");
CREATE INDEX IF NOT EXISTS "GestorApp_programacion_destino_id_7278cf04" ON "GestorApp_programacion" ("destino_id");
CREATE INDEX IF NOT EXISTS "GestorApp_programacion_origen_id_7d46a29d" ON "GestorApp_programacion" ("origen_id");
CREATE INDEX IF NOT EXISTS "GestorApp_programacion_vehiculo_id_013bea4e" ON "GestorApp_programacion" ("vehiculo_id");
CREATE UNIQUE INDEX "auth_group_permissions_group_id_permission_id_0cd325b0_uniq" ON "auth_group_permissions" ("group_id", "permission_id");
CREATE INDEX IF NOT EXISTS "auth_group_permissions_group_id_b120cbf9" ON "auth_group_permissions" ("group_id");
CREATE INDEX IF NOT EXISTS "auth_group_permissions_permission_id_84c5c92e" ON "auth_group_permissions" ("permission_id");
CREATE UNIQUE INDEX "auth_user_groups_user_id_group_id_94350c0c_uniq" ON "auth_user_groups" ("user_id", "group_id");
CREATE INDEX IF NOT EXISTS "auth_user_groups_user_id_6a12ed8b" ON "auth_user_groups" ("user_id");
CREATE INDEX IF NOT EXISTS "auth_user_groups_group_id_97559544" ON "auth_user_groups" ("group_id");
CREATE UNIQUE INDEX "auth_user_user_permissions_user_id_permission_id_14a6b632_uniq" ON "auth_user_user_permissions" ("user_id", "permission_id");
CREATE INDEX IF NOT EXISTS "auth_user_user_permissions_user_id_a95ead1b" ON "auth_user_user_permissions" ("user_id");
CREATE INDEX IF NOT EXISTS "auth_user_user_permissions_permission_id_1fbb5f2c" ON "auth_user_user_permissions" ("permission_id");
CREATE INDEX IF NOT EXISTS "django_admin_log_content_type_id_c4bce8eb" ON "django_admin_log" ("content_type_id");
CREATE INDEX IF NOT EXISTS "django_admin_log_user_id_c564eba6" ON "django_admin_log" ("user_id");
CREATE UNIQUE INDEX "django_content_type_app_label_model_76bd3d3b_uniq" ON "django_content_type" ("app_label", "model");
CREATE UNIQUE INDEX "auth_permission_content_type_id_codename_01ab375a_uniq" ON "auth_permission" ("content_type_id", "codename");
CREATE INDEX IF NOT EXISTS "auth_permission_content_type_id_2f476e4b" ON "auth_permission" ("content_type_id");
CREATE INDEX IF NOT EXISTS "django_apscheduler_djangojob_next_run_time_2f022619" ON "django_apscheduler_djangojob" ("next_run_time");
CREATE INDEX IF NOT EXISTS "django_apscheduler_djangojobexecution_run_time_16edd96b" ON "django_apscheduler_djangojobexecution" ("run_time");
CREATE INDEX IF NOT EXISTS "django_apscheduler_djangojobexecution_job_id_daf5090a" ON "django_apscheduler_djangojobexecution" ("job_id");
CREATE INDEX IF NOT EXISTS "django_session_expire_date_a5c62663" ON "django_session" ("expire_date");
