CREATE TABLE IF NOT EXISTS "GestorApp_conductor" ("id" integer NOT NULL PRIMARY KEY AUTOINCREMENT, "conductor" varchar(100) NOT NULL, "codigo" varchar(100) NOT NULL, "cedula" varchar(100) NOT NULL, "estado" varchar(2) NOT NULL);
INSERT INTO "GestorApp_conductor" VALUES(1,'ALBA MARIA CASTILLO SANCHEZ','803','26491465','1');
INSERT INTO "GestorApp_conductor" VALUES(2,'ALVARO TRIANA SAENZ','822','12269537','1');
INSERT INTO "GestorApp_conductor" VALUES(3,'ANDREA JIMENA ARENAS ALVIRA','808','55130941','1');
INSERT INTO "GestorApp_conductor" VALUES(4,'ARMANDO MEDINA CABRERA','818','12274798','1');
INSERT INTO "GestorApp_conductor" VALUES(5,'EIDER MAURICIO LOSADA JARAMILLO','815','1004255916','1');
INSERT INTO "GestorApp_conductor" VALUES(6,'ELCIRA OIDOR QUILES','816','31939885','1');
INSERT INTO "GestorApp_conductor" VALUES(7,'ELSA MARIA LISCANO QUINTERO','694','36382110','1');
INSERT INTO "GestorApp_conductor" VALUES(8,'ELSA MILLENA GONZALEZ PEÑA','635','36379416','1');
INSERT INTO "GestorApp_conductor" VALUES(9,'ELSA MILLENA GONZALEZ PEÑA','665','36379416','1');
INSERT INTO "GestorApp_conductor" VALUES(10,'ENOC MAURICIO ROA NUÑEZ','610','12283616','1');
INSERT INTO "GestorApp_conductor" VALUES(11,'FEISER ABUNDIO TORRALBA MARIN','821','5771483','1');
INSERT INTO "GestorApp_conductor" VALUES(12,'FELIX MARIA MARTINEZ QUEVEDO','640','4946517','1');
INSERT INTO "GestorApp_conductor" VALUES(13,'FREDY PAREDES BARCIAS','606','12274256','1');
INSERT INTO "GestorApp_conductor" VALUES(14,'FREYDER MEDINA CESPEDES','605','1002979872','1');
INSERT INTO "GestorApp_conductor" VALUES(15,'GELMO MEDINA TRUJILLO','814','12276793','1');
INSERT INTO "GestorApp_conductor" VALUES(16,'GERARDO ZAMBRANO  PEREZ','607','91105357','1');
INSERT INTO "GestorApp_conductor" VALUES(17,'GERARDO ZAMBRANO PEREZ','692','91105357','1');
INSERT INTO "GestorApp_conductor" VALUES(18,'GERARDO ZAMBRANO PEREZ','697','91105357','1');
INSERT INTO "GestorApp_conductor" VALUES(19,'GILBERTH ALFONSO AVIRAMA','812','12279287','1');
INSERT INTO "GestorApp_conductor" VALUES(20,'GILBERTH ALFONSO AVIRAMA','603','12279287','1');
INSERT INTO "GestorApp_conductor" VALUES(21,'GLADYS CRUZ ELENA DE LOS RIOS RUEDA','820','29561005','1');
INSERT INTO "GestorApp_conductor" VALUES(22,'GLADYS CRUZ ELENA DE LOS RIOS RUEDA','802','29561005','1');
INSERT INTO "GestorApp_conductor" VALUES(23,'GLADYS CRUZ ELENA DE LOS RIOS RUEDA','691','29561005','1');
INSERT INTO "GestorApp_conductor" VALUES(24,'GLADYS FERNANDEZ SANCHEZ','655','36152879','1');
INSERT INTO "GestorApp_conductor" VALUES(25,'IVAN MENESES ORDOÑEZ','604','76316497','1');
INSERT INTO "GestorApp_conductor" VALUES(26,'IVAN MENESES ORDOÑEZ','625','76316497','1');
INSERT INTO "GestorApp_conductor" VALUES(27,'JAIME HERNAN VALENZUELA RAMOS','695','10291004','1');
INSERT INTO "GestorApp_conductor" VALUES(28,'JHON JAIRO QUEVEDO TRUJILLO','804','12279788','1');
INSERT INTO "GestorApp_conductor" VALUES(29,'JHON JAIRO QUEVEDO TRUJILLO','807','12279788','1');
INSERT INTO "GestorApp_conductor" VALUES(30,'JHON JAIRO QUEVEDO TRUJILLO','809','12279788','1');
INSERT INTO "GestorApp_conductor" VALUES(31,'JHONATAN ANDRES CAICEDO ROSERO','602','1081394714','1');
INSERT INTO "GestorApp_conductor" VALUES(32,'JOSE ERNEY PERDOMO CHAVEZ','615','79400123','1');
INSERT INTO "GestorApp_conductor" VALUES(33,'JOSE IZNARDO CHANTRE PEREZ','813','1081409429','1');
INSERT INTO "GestorApp_conductor" VALUES(34,'JOSE IZNARDO CHANTRE PEREZ','801','1081409429','1');
INSERT INTO "GestorApp_conductor" VALUES(35,'JOSE IZNARDO CHANTRE PEREZ','810','1081409429','1');
INSERT INTO "GestorApp_conductor" VALUES(36,'JOSE MIGUEL VALENCIA TRUJILLO ','690','1125808166','1');
INSERT INTO "GestorApp_conductor" VALUES(37,'LEONARDO BURBANO CLEVES','817','10091121','1');
INSERT INTO "GestorApp_conductor" VALUES(38,'LUIS ALBEIRO URRUTIA MANQUILLO','645','12283783','1');
INSERT INTO "GestorApp_conductor" VALUES(39,'LUIS EDUARDO AVILES','650','4688759','1');
INSERT INTO "GestorApp_conductor" VALUES(40,'LUIS EDUARDO AVILES','660','4688759','1');
INSERT INTO "GestorApp_conductor" VALUES(41,'LUIS HENRY TRUJILLO MURCIA','806','12269864','1');
INSERT INTO "GestorApp_conductor" VALUES(42,'LUIS HENRY TRUJILLO MURCIA','800','12269864','1');
INSERT INTO "GestorApp_conductor" VALUES(43,'MARIA LID HERNANDEZ CHAVEZ','819','26527521','1');
INSERT INTO "GestorApp_conductor" VALUES(44,'MARIA MODESTA MEDINA QUINTERO','670','25456111','1');
INSERT INTO "GestorApp_conductor" VALUES(45,'MILTON FABIAN PENCUE VELASCO','601','76007287','1');
INSERT INTO "GestorApp_conductor" VALUES(46,'NAVOR HERNAN VELASCO CASTRO','693','12280353','1');
INSERT INTO "GestorApp_conductor" VALUES(47,'NELSON ENRIQUE LIEVANO SANCHEZ','685','83254226','1');
INSERT INTO "GestorApp_conductor" VALUES(48,'OBEIMAR PAYA YACUE','698','12282227','1');
INSERT INTO "GestorApp_conductor" VALUES(49,'ROSSE MAXBEL MARTINEZ CASAS','823','55131351','1');
INSERT INTO "GestorApp_conductor" VALUES(50,'SILVESTRE GOLONDRINO CHAPARRAL','680','12274938','1');
INSERT INTO "GestorApp_conductor" VALUES(51,'VICTOR NEBARDO PENNA MEDINA','811','1081393817','1');
INSERT INTO "GestorApp_conductor" VALUES(52,'VICTOR OLMEDO BARRAGAN QUINTERO','675','1081395120','1');
INSERT INTO "GestorApp_conductor" VALUES(53,'VICTOR OLMEDO BARRAGAN QUINTERO','630','1081395120','1');
INSERT INTO "GestorApp_conductor" VALUES(54,'VICTOR OLMEDO BARRANGAN QUINTERO','620','1081395120','1');
INSERT INTO "GestorApp_conductor" VALUES(55,'YULIANA ANDREA PUYO ARTEAGA','696','1081406024','1');
CREATE INDEX IF NOT EXISTS "GestorApp_encomienda_programacion_id_0c9765a5" ON "GestorApp_encomienda" ("programacion_id");
CREATE INDEX IF NOT EXISTS "GestorApp_vehiculo_propietario_id_3a4563d5" ON "GestorApp_vehiculo" ("propietario_id");
CREATE INDEX IF NOT EXISTS "GestorApp_programacion_conductor_id_fad8ed81" ON "GestorApp_programacion" ("conductor_id");
CREATE INDEX IF NOT EXISTS "GestorApp_programacion_destino_id_7278cf04" ON "GestorApp_programacion" ("destino_id");
CREATE INDEX IF NOT EXISTS "GestorApp_programacion_origen_id_7d46a29d" ON "GestorApp_programacion" ("origen_id");
CREATE INDEX IF NOT EXISTS "GestorApp_programacion_vehiculo_id_013bea4e" ON "GestorApp_programacion" ("vehiculo_id");
CREATE UNIQUE INDEX "auth_group_permissions_group_id_permission_id_0cd325b0_uniq" ON "auth_group_permissions" ("group_id", "permission_id");
CREATE INDEX IF NOT EXISTS "auth_group_permissions_group_id_b120cbf9" ON "auth_group_permissions" ("group_id");
CREATE INDEX IF NOT EXISTS "auth_group_permissions_permission_id_84c5c92e" ON "auth_group_permissions" ("permission_id");
CREATE UNIQUE INDEX "auth_user_groups_user_id_group_id_94350c0c_uniq" ON "auth_user_groups" ("user_id", "group_id");
CREATE INDEX IF NOT EXISTS "auth_user_groups_user_id_6a12ed8b" ON "auth_user_groups" ("user_id");
CREATE INDEX IF NOT EXISTS "auth_user_groups_group_id_97559544" ON "auth_user_groups" ("group_id");
CREATE UNIQUE INDEX "auth_user_user_permissions_user_id_permission_id_14a6b632_uniq" ON "auth_user_user_permissions" ("user_id", "permission_id");
CREATE INDEX IF NOT EXISTS "auth_user_user_permissions_user_id_a95ead1b" ON "auth_user_user_permissions" ("user_id");
CREATE INDEX IF NOT EXISTS "auth_user_user_permissions_permission_id_1fbb5f2c" ON "auth_user_user_permissions" ("permission_id");
CREATE INDEX IF NOT EXISTS "django_admin_log_content_type_id_c4bce8eb" ON "django_admin_log" ("content_type_id");
CREATE INDEX IF NOT EXISTS "django_admin_log_user_id_c564eba6" ON "django_admin_log" ("user_id");
CREATE UNIQUE INDEX "django_content_type_app_label_model_76bd3d3b_uniq" ON "django_content_type" ("app_label", "model");
CREATE UNIQUE INDEX "auth_permission_content_type_id_codename_01ab375a_uniq" ON "auth_permission" ("content_type_id", "codename");
CREATE INDEX IF NOT EXISTS "auth_permission_content_type_id_2f476e4b" ON "auth_permission" ("content_type_id");
CREATE INDEX IF NOT EXISTS "django_apscheduler_djangojob_next_run_time_2f022619" ON "django_apscheduler_djangojob" ("next_run_time");
CREATE INDEX IF NOT EXISTS "django_apscheduler_djangojobexecution_run_time_16edd96b" ON "django_apscheduler_djangojobexecution" ("run_time");
CREATE INDEX IF NOT EXISTS "django_apscheduler_djangojobexecution_job_id_daf5090a" ON "django_apscheduler_djangojobexecution" ("job_id");
CREATE INDEX IF NOT EXISTS "django_session_expire_date_a5c62663" ON "django_session" ("expire_date");
CREATE TABLE IF NOT EXISTS "GestorApp_encomienda" ("id" integer NOT NULL PRIMARY KEY AUTOINCREMENT, "nombre_envio" varchar(100) NOT NULL, "cedula_envio" varchar(12) NOT NULL, "telefono_envio" varchar(12) NOT NULL, "nombre_recibido" varchar(100) NOT NULL, "cedula_recibido" varchar(12) NOT NULL, "telefono_recibido" varchar(12) NOT NULL, "costo_envio" integer NOT NULL, "estado" varchar(2) NOT NULL, "fecha_creado" datetime NOT NULL, "fecha_actualizado" datetime NOT NULL, "programacion_id" bigint NOT NULL REFERENCES "GestorApp_programacion" ("id") DEFERRABLE INITIALLY DEFERRED);
CREATE INDEX IF NOT EXISTS "GestorApp_encomienda_programacion_id_0c9765a5" ON "GestorApp_encomienda" ("programacion_id");
CREATE INDEX IF NOT EXISTS "GestorApp_vehiculo_propietario_id_3a4563d5" ON "GestorApp_vehiculo" ("propietario_id");
CREATE INDEX IF NOT EXISTS "GestorApp_programacion_conductor_id_fad8ed81" ON "GestorApp_programacion" ("conductor_id");
CREATE INDEX IF NOT EXISTS "GestorApp_programacion_destino_id_7278cf04" ON "GestorApp_programacion" ("destino_id");
CREATE INDEX IF NOT EXISTS "GestorApp_programacion_origen_id_7d46a29d" ON "GestorApp_programacion" ("origen_id");
CREATE INDEX IF NOT EXISTS "GestorApp_programacion_vehiculo_id_013bea4e" ON "GestorApp_programacion" ("vehiculo_id");
CREATE UNIQUE INDEX "auth_group_permissions_group_id_permission_id_0cd325b0_uniq" ON "auth_group_permissions" ("group_id", "permission_id");
CREATE INDEX IF NOT EXISTS "auth_group_permissions_group_id_b120cbf9" ON "auth_group_permissions" ("group_id");
CREATE INDEX IF NOT EXISTS "auth_group_permissions_permission_id_84c5c92e" ON "auth_group_permissions" ("permission_id");
CREATE UNIQUE INDEX "auth_user_groups_user_id_group_id_94350c0c_uniq" ON "auth_user_groups" ("user_id", "group_id");
CREATE INDEX IF NOT EXISTS "auth_user_groups_user_id_6a12ed8b" ON "auth_user_groups" ("user_id");
CREATE INDEX IF NOT EXISTS "auth_user_groups_group_id_97559544" ON "auth_user_groups" ("group_id");
CREATE UNIQUE INDEX "auth_user_user_permissions_user_id_permission_id_14a6b632_uniq" ON "auth_user_user_permissions" ("user_id", "permission_id");
CREATE INDEX IF NOT EXISTS "auth_user_user_permissions_user_id_a95ead1b" ON "auth_user_user_permissions" ("user_id");
CREATE INDEX IF NOT EXISTS "auth_user_user_permissions_permission_id_1fbb5f2c" ON "auth_user_user_permissions" ("permission_id");
CREATE INDEX IF NOT EXISTS "django_admin_log_content_type_id_c4bce8eb" ON "django_admin_log" ("content_type_id");
CREATE INDEX IF NOT EXISTS "django_admin_log_user_id_c564eba6" ON "django_admin_log" ("user_id");
CREATE UNIQUE INDEX "django_content_type_app_label_model_76bd3d3b_uniq" ON "django_content_type" ("app_label", "model");
CREATE UNIQUE INDEX "auth_permission_content_type_id_codename_01ab375a_uniq" ON "auth_permission" ("content_type_id", "codename");
CREATE INDEX IF NOT EXISTS "auth_permission_content_type_id_2f476e4b" ON "auth_permission" ("content_type_id");
CREATE INDEX IF NOT EXISTS "django_apscheduler_djangojob_next_run_time_2f022619" ON "django_apscheduler_djangojob" ("next_run_time");
CREATE INDEX IF NOT EXISTS "django_apscheduler_djangojobexecution_run_time_16edd96b" ON "django_apscheduler_djangojobexecution" ("run_time");
CREATE INDEX IF NOT EXISTS "django_apscheduler_djangojobexecution_job_id_daf5090a" ON "django_apscheduler_djangojobexecution" ("job_id");
CREATE INDEX IF NOT EXISTS "django_session_expire_date_a5c62663" ON "django_session" ("expire_date");
CREATE TABLE IF NOT EXISTS "GestorApp_programacion" ("id" integer NOT NULL PRIMARY KEY AUTOINCREMENT, "codigo" varchar(100) NOT NULL, "programacion" datetime NOT NULL, "precio" integer NOT NULL, "estado" varchar(2) NOT NULL, "fecha_creado" datetime NOT NULL, "fecha_actualizado" datetime NOT NULL, "conductor_id" bigint NOT NULL REFERENCES "GestorApp_conductor" ("id") DEFERRABLE INITIALLY DEFERRED, "destino_id" bigint NOT NULL REFERENCES "GestorApp_sede" ("id") DEFERRABLE INITIALLY DEFERRED, "origen_id" bigint NOT NULL REFERENCES "GestorApp_sede" ("id") DEFERRABLE INITIALLY DEFERRED, "vehiculo_id" bigint NOT NULL REFERENCES "GestorApp_vehiculo" ("id") DEFERRABLE INITIALLY DEFERRED);
INSERT INTO "GestorApp_programacion" VALUES(1,'202404140001','2025-04-30 17:00:00',48000,'1','2024-04-14 14:58:19.786422','2024-04-14 14:58:19.795474',1,3,4,1);
CREATE INDEX IF NOT EXISTS "GestorApp_encomienda_programacion_id_0c9765a5" ON "GestorApp_encomienda" ("programacion_id");
CREATE INDEX IF NOT EXISTS "GestorApp_vehiculo_propietario_id_3a4563d5" ON "GestorApp_vehiculo" ("propietario_id");
CREATE INDEX IF NOT EXISTS "GestorApp_programacion_conductor_id_fad8ed81" ON "GestorApp_programacion" ("conductor_id");
CREATE INDEX IF NOT EXISTS "GestorApp_programacion_destino_id_7278cf04" ON "GestorApp_programacion" ("destino_id");
CREATE INDEX IF NOT EXISTS "GestorApp_programacion_origen_id_7d46a29d" ON "GestorApp_programacion" ("origen_id");
CREATE INDEX IF NOT EXISTS "GestorApp_programacion_vehiculo_id_013bea4e" ON "GestorApp_programacion" ("vehiculo_id");
CREATE UNIQUE INDEX "auth_group_permissions_group_id_permission_id_0cd325b0_uniq" ON "auth_group_permissions" ("group_id", "permission_id");
CREATE INDEX IF NOT EXISTS "auth_group_permissions_group_id_b120cbf9" ON "auth_group_permissions" ("group_id");
CREATE INDEX IF NOT EXISTS "auth_group_permissions_permission_id_84c5c92e" ON "auth_group_permissions" ("permission_id");
CREATE UNIQUE INDEX "auth_user_groups_user_id_group_id_94350c0c_uniq" ON "auth_user_groups" ("user_id", "group_id");
CREATE INDEX IF NOT EXISTS "auth_user_groups_user_id_6a12ed8b" ON "auth_user_groups" ("user_id");
CREATE INDEX IF NOT EXISTS "auth_user_groups_group_id_97559544" ON "auth_user_groups" ("group_id");
CREATE UNIQUE INDEX "auth_user_user_permissions_user_id_permission_id_14a6b632_uniq" ON "auth_user_user_permissions" ("user_id", "permission_id");
CREATE INDEX IF NOT EXISTS "auth_user_user_permissions_user_id_a95ead1b" ON "auth_user_user_permissions" ("user_id");
CREATE INDEX IF NOT EXISTS "auth_user_user_permissions_permission_id_1fbb5f2c" ON "auth_user_user_permissions" ("permission_id");
CREATE INDEX IF NOT EXISTS "django_admin_log_content_type_id_c4bce8eb" ON "django_admin_log" ("content_type_id");
CREATE INDEX IF NOT EXISTS "django_admin_log_user_id_c564eba6" ON "django_admin_log" ("user_id");
CREATE UNIQUE INDEX "django_content_type_app_label_model_76bd3d3b_uniq" ON "django_content_type" ("app_label", "model");
CREATE UNIQUE INDEX "auth_permission_content_type_id_codename_01ab375a_uniq" ON "auth_permission" ("content_type_id", "codename");
CREATE INDEX IF NOT EXISTS "auth_permission_content_type_id_2f476e4b" ON "auth_permission" ("content_type_id");
CREATE INDEX IF NOT EXISTS "django_apscheduler_djangojob_next_run_time_2f022619" ON "django_apscheduler_djangojob" ("next_run_time");
CREATE INDEX IF NOT EXISTS "django_apscheduler_djangojobexecution_run_time_16edd96b" ON "django_apscheduler_djangojobexecution" ("run_time");
CREATE INDEX IF NOT EXISTS "django_apscheduler_djangojobexecution_job_id_daf5090a" ON "django_apscheduler_djangojobexecution" ("job_id");
CREATE INDEX IF NOT EXISTS "django_session_expire_date_a5c62663" ON "django_session" ("expire_date");
CREATE TABLE IF NOT EXISTS "GestorApp_propietario" ("id" integer NOT NULL PRIMARY KEY AUTOINCREMENT, "propietario" varchar(100) NOT NULL, "documento" varchar(12) NOT NULL, "estado" varchar(2) NOT NULL);
INSERT INTO "GestorApp_propietario" VALUES(1,'ALBA MARIA CASTILLO SANCHEZ','26491465','1');
INSERT INTO "GestorApp_propietario" VALUES(2,'ALVARO TRIANA SAENZ','12269537','1');
INSERT INTO "GestorApp_propietario" VALUES(3,'ANDREA JIMENA ARENAS ALVIRA','55130941','1');
INSERT INTO "GestorApp_propietario" VALUES(4,'ARMANDO MEDINA CABRERA','12274798','1');
INSERT INTO "GestorApp_propietario" VALUES(5,'EIDER MAURICIO LOSADA JARAMILLO','1004255916','1');
INSERT INTO "GestorApp_propietario" VALUES(6,'ELCIRA OIDOR QUILES','31939885','1');
INSERT INTO "GestorApp_propietario" VALUES(7,'ELSA MARIA LISCANO QUINTERO','36382110','1');
INSERT INTO "GestorApp_propietario" VALUES(8,'ELSA MILLENA GONZALEZ PEÑA','36379416','1');
INSERT INTO "GestorApp_propietario" VALUES(9,'ELSA MILLENA GONZALEZ PEÑA','36379416','1');
INSERT INTO "GestorApp_propietario" VALUES(10,'ENOC MAURICIO ROA NUÑEZ','12283616','1');
INSERT INTO "GestorApp_propietario" VALUES(11,'FEISER ABUNDIO TORRALBA MARIN','5771483','1');
INSERT INTO "GestorApp_propietario" VALUES(12,'FELIX MARIA MARTINEZ QUEVEDO','4946517','1');
INSERT INTO "GestorApp_propietario" VALUES(13,'FREDY PAREDES BARCIAS','12274256','1');
INSERT INTO "GestorApp_propietario" VALUES(14,'FREYDER MEDINA CESPEDES','1002979872','1');
INSERT INTO "GestorApp_propietario" VALUES(15,'GELMO MEDINA TRUJILLO','12276793','1');
INSERT INTO "GestorApp_propietario" VALUES(16,'GERARDO ZAMBRANO  PEREZ','91105357','1');
INSERT INTO "GestorApp_propietario" VALUES(17,'GERARDO ZAMBRANO PEREZ','91105357','1');
INSERT INTO "GestorApp_propietario" VALUES(18,'GERARDO ZAMBRANO PEREZ','91105357','1');
INSERT INTO "GestorApp_propietario" VALUES(19,'GILBERTH ALFONSO AVIRAMA','12279287','1');
INSERT INTO "GestorApp_propietario" VALUES(20,'GILBERTH ALFONSO AVIRAMA','12279287','1');
INSERT INTO "GestorApp_propietario" VALUES(21,'GLADYS CRUZ ELENA DE LOS RIOS RUEDA','29561005','1');
INSERT INTO "GestorApp_propietario" VALUES(22,'GLADYS CRUZ ELENA DE LOS RIOS RUEDA','29561005','1');
INSERT INTO "GestorApp_propietario" VALUES(23,'GLADYS CRUZ ELENA DE LOS RIOS RUEDA','29561005','1');
INSERT INTO "GestorApp_propietario" VALUES(24,'GLADYS FERNANDEZ SANCHEZ','36152879','1');
INSERT INTO "GestorApp_propietario" VALUES(25,'IVAN MENESES ORDOÑEZ','76316497','1');
INSERT INTO "GestorApp_propietario" VALUES(26,'IVAN MENESES ORDOÑEZ','76316497','1');
INSERT INTO "GestorApp_propietario" VALUES(27,'JAIME HERNAN VALENZUELA RAMOS','10291004','1');
INSERT INTO "GestorApp_propietario" VALUES(28,'JHON JAIRO QUEVEDO TRUJILLO','12279788','1');
INSERT INTO "GestorApp_propietario" VALUES(29,'JHON JAIRO QUEVEDO TRUJILLO','12279788','1');
INSERT INTO "GestorApp_propietario" VALUES(30,'JHON JAIRO QUEVEDO TRUJILLO','12279788','1');
INSERT INTO "GestorApp_propietario" VALUES(31,'JHONATAN ANDRES CAICEDO ROSERO','1081394714','1');
INSERT INTO "GestorApp_propietario" VALUES(32,'JOSE ERNEY PERDOMO CHAVEZ','79400123','1');
INSERT INTO "GestorApp_propietario" VALUES(33,'JOSE IZNARDO CHANTRE PEREZ','1081409429','1');
INSERT INTO "GestorApp_propietario" VALUES(34,'JOSE IZNARDO CHANTRE PEREZ','1081409429','1');
INSERT INTO "GestorApp_propietario" VALUES(35,'JOSE IZNARDO CHANTRE PEREZ','1081409429','1');
INSERT INTO "GestorApp_propietario" VALUES(36,'JOSE MIGUEL VALENCIA TRUJILLO ','1125808166','1');
INSERT INTO "GestorApp_propietario" VALUES(37,'LEONARDO BURBANO CLEVES','10091121','1');
INSERT INTO "GestorApp_propietario" VALUES(38,'LUIS ALBEIRO URRUTIA MANQUILLO','12283783','1');
INSERT INTO "GestorApp_propietario" VALUES(39,'LUIS EDUARDO AVILES','4688759','1');
INSERT INTO "GestorApp_propietario" VALUES(40,'LUIS EDUARDO AVILES','4688759','1');
INSERT INTO "GestorApp_propietario" VALUES(41,'LUIS HENRY TRUJILLO MURCIA','12269864','1');
INSERT INTO "GestorApp_propietario" VALUES(42,'LUIS HENRY TRUJILLO MURCIA','12269864','1');
INSERT INTO "GestorApp_propietario" VALUES(43,'MARIA LID HERNANDEZ CHAVEZ','26527521','1');
INSERT INTO "GestorApp_propietario" VALUES(44,'MARIA MODESTA MEDINA QUINTERO','25456111','1');
INSERT INTO "GestorApp_propietario" VALUES(45,'MILTON FABIAN PENCUE VELASCO','76007287','1');
INSERT INTO "GestorApp_propietario" VALUES(46,'NAVOR HERNAN VELASCO CASTRO','12280353','1');
INSERT INTO "GestorApp_propietario" VALUES(47,'NELSON ENRIQUE LIEVANO SANCHEZ','83254226','1');
INSERT INTO "GestorApp_propietario" VALUES(48,'OBEIMAR PAYA YACUE','12282227','1');
INSERT INTO "GestorApp_propietario" VALUES(49,'ROSSE MAXBEL MARTINEZ CASAS','55131351','1');
INSERT INTO "GestorApp_propietario" VALUES(50,'SILVESTRE GOLONDRINO CHAPARRAL','12274938','1');
INSERT INTO "GestorApp_propietario" VALUES(51,'VICTOR NEBARDO PENNA MEDINA','1081393817','1');
INSERT INTO "GestorApp_propietario" VALUES(52,'VICTOR OLMEDO BARRAGAN QUINTERO','1081395120','1');
INSERT INTO "GestorApp_propietario" VALUES(53,'VICTOR OLMEDO BARRAGAN QUINTERO','1081395120','1');
INSERT INTO "GestorApp_propietario" VALUES(54,'VICTOR OLMEDO BARRANGAN QUINTERO','1081395120','1');
INSERT INTO "GestorApp_propietario" VALUES(55,'YULIANA ANDREA PUYO ARTEAGA','1081406024','1');
CREATE INDEX IF NOT EXISTS "GestorApp_encomienda_programacion_id_0c9765a5" ON "GestorApp_encomienda" ("programacion_id");
CREATE INDEX IF NOT EXISTS "GestorApp_vehiculo_propietario_id_3a4563d5" ON "GestorApp_vehiculo" ("propietario_id");
CREATE INDEX IF NOT EXISTS "GestorApp_programacion_conductor_id_fad8ed81" ON "GestorApp_programacion" ("conductor_id");
CREATE INDEX IF NOT EXISTS "GestorApp_programacion_destino_id_7278cf04" ON "GestorApp_programacion" ("destino_id");
CREATE INDEX IF NOT EXISTS "GestorApp_programacion_origen_id_7d46a29d" ON "GestorApp_programacion" ("origen_id");
CREATE INDEX IF NOT EXISTS "GestorApp_programacion_vehiculo_id_013bea4e" ON "GestorApp_programacion" ("vehiculo_id");
CREATE UNIQUE INDEX "auth_group_permissions_group_id_permission_id_0cd325b0_uniq" ON "auth_group_permissions" ("group_id", "permission_id");
CREATE INDEX IF NOT EXISTS "auth_group_permissions_group_id_b120cbf9" ON "auth_group_permissions" ("group_id");
CREATE INDEX IF NOT EXISTS "auth_group_permissions_permission_id_84c5c92e" ON "auth_group_permissions" ("permission_id");
CREATE UNIQUE INDEX "auth_user_groups_user_id_group_id_94350c0c_uniq" ON "auth_user_groups" ("user_id", "group_id");
CREATE INDEX IF NOT EXISTS "auth_user_groups_user_id_6a12ed8b" ON "auth_user_groups" ("user_id");
CREATE INDEX IF NOT EXISTS "auth_user_groups_group_id_97559544" ON "auth_user_groups" ("group_id");
CREATE UNIQUE INDEX "auth_user_user_permissions_user_id_permission_id_14a6b632_uniq" ON "auth_user_user_permissions" ("user_id", "permission_id");
CREATE INDEX IF NOT EXISTS "auth_user_user_permissions_user_id_a95ead1b" ON "auth_user_user_permissions" ("user_id");
CREATE INDEX IF NOT EXISTS "auth_user_user_permissions_permission_id_1fbb5f2c" ON "auth_user_user_permissions" ("permission_id");
CREATE INDEX IF NOT EXISTS "django_admin_log_content_type_id_c4bce8eb" ON "django_admin_log" ("content_type_id");
CREATE INDEX IF NOT EXISTS "django_admin_log_user_id_c564eba6" ON "django_admin_log" ("user_id");
CREATE UNIQUE INDEX "django_content_type_app_label_model_76bd3d3b_uniq" ON "django_content_type" ("app_label", "model");
CREATE UNIQUE INDEX "auth_permission_content_type_id_codename_01ab375a_uniq" ON "auth_permission" ("content_type_id", "codename");
CREATE INDEX IF NOT EXISTS "auth_permission_content_type_id_2f476e4b" ON "auth_permission" ("content_type_id");
CREATE INDEX IF NOT EXISTS "django_apscheduler_djangojob_next_run_time_2f022619" ON "django_apscheduler_djangojob" ("next_run_time");
CREATE INDEX IF NOT EXISTS "django_apscheduler_djangojobexecution_run_time_16edd96b" ON "django_apscheduler_djangojobexecution" ("run_time");
CREATE INDEX IF NOT EXISTS "django_apscheduler_djangojobexecution_job_id_daf5090a" ON "django_apscheduler_djangojobexecution" ("job_id");
CREATE INDEX IF NOT EXISTS "django_session_expire_date_a5c62663" ON "django_session" ("expire_date");
CREATE TABLE IF NOT EXISTS "GestorApp_sede" ("id" integer NOT NULL PRIMARY KEY AUTOINCREMENT, "sede" varchar(250) NOT NULL, "tipo" varchar(2) NOT NULL, "fecha_creado" datetime NOT NULL, "fecha_actualizado" datetime NOT NULL);
INSERT INTO "GestorApp_sede" VALUES(1,'Neiva','1','2024-03-04 15:30:40','2024-04-04 00:49:10.670860');
INSERT INTO "GestorApp_sede" VALUES(2,'La Plata','3','2024-03-04 15:30:41','2024-04-04 00:49:10.702513');
INSERT INTO "GestorApp_sede" VALUES(3,'Cali','1','2024-03-04 15:30:42','2024-04-04 00:49:10.705755');
INSERT INTO "GestorApp_sede" VALUES(4,'Popayán','1','2024-03-04 15:30:43','2024-04-04 00:49:10.708756');
INSERT INTO "GestorApp_sede" VALUES(5,'Inza','2','2024-03-04 15:30:44','2024-04-04 00:49:10.711755');
INSERT INTO "GestorApp_sede" VALUES(6,'Pitalito','2','2024-03-04 15:30:45','2024-04-04 00:49:10.714755');
INSERT INTO "GestorApp_sede" VALUES(7,'La Argentina','2','2024-03-04 15:30:46','2024-04-04 00:49:10.718750');
CREATE INDEX IF NOT EXISTS "GestorApp_encomienda_programacion_id_0c9765a5" ON "GestorApp_encomienda" ("programacion_id");
CREATE INDEX IF NOT EXISTS "GestorApp_vehiculo_propietario_id_3a4563d5" ON "GestorApp_vehiculo" ("propietario_id");
CREATE INDEX IF NOT EXISTS "GestorApp_programacion_conductor_id_fad8ed81" ON "GestorApp_programacion" ("conductor_id");
CREATE INDEX IF NOT EXISTS "GestorApp_programacion_destino_id_7278cf04" ON "GestorApp_programacion" ("destino_id");
CREATE INDEX IF NOT EXISTS "GestorApp_programacion_origen_id_7d46a29d" ON "GestorApp_programacion" ("origen_id");
CREATE INDEX IF NOT EXISTS "GestorApp_programacion_vehiculo_id_013bea4e" ON "GestorApp_programacion" ("vehiculo_id");
CREATE UNIQUE INDEX "auth_group_permissions_group_id_permission_id_0cd325b0_uniq" ON "auth_group_permissions" ("group_id", "permission_id");
CREATE INDEX IF NOT EXISTS "auth_group_permissions_group_id_b120cbf9" ON "auth_group_permissions" ("group_id");
CREATE INDEX IF NOT EXISTS "auth_group_permissions_permission_id_84c5c92e" ON "auth_group_permissions" ("permission_id");
CREATE UNIQUE INDEX "auth_user_groups_user_id_group_id_94350c0c_uniq" ON "auth_user_groups" ("user_id", "group_id");
CREATE INDEX IF NOT EXISTS "auth_user_groups_user_id_6a12ed8b" ON "auth_user_groups" ("user_id");
CREATE INDEX IF NOT EXISTS "auth_user_groups_group_id_97559544" ON "auth_user_groups" ("group_id");
CREATE UNIQUE INDEX "auth_user_user_permissions_user_id_permission_id_14a6b632_uniq" ON "auth_user_user_permissions" ("user_id", "permission_id");
CREATE INDEX IF NOT EXISTS "auth_user_user_permissions_user_id_a95ead1b" ON "auth_user_user_permissions" ("user_id");
CREATE INDEX IF NOT EXISTS "auth_user_user_permissions_permission_id_1fbb5f2c" ON "auth_user_user_permissions" ("permission_id");
CREATE INDEX IF NOT EXISTS "django_admin_log_content_type_id_c4bce8eb" ON "django_admin_log" ("content_type_id");
CREATE INDEX IF NOT EXISTS "django_admin_log_user_id_c564eba6" ON "django_admin_log" ("user_id");
CREATE UNIQUE INDEX "django_content_type_app_label_model_76bd3d3b_uniq" ON "django_content_type" ("app_label", "model");
CREATE UNIQUE INDEX "auth_permission_content_type_id_codename_01ab375a_uniq" ON "auth_permission" ("content_type_id", "codename");
CREATE INDEX IF NOT EXISTS "auth_permission_content_type_id_2f476e4b" ON "auth_permission" ("content_type_id");
CREATE INDEX IF NOT EXISTS "django_apscheduler_djangojob_next_run_time_2f022619" ON "django_apscheduler_djangojob" ("next_run_time");
CREATE INDEX IF NOT EXISTS "django_apscheduler_djangojobexecution_run_time_16edd96b" ON "django_apscheduler_djangojobexecution" ("run_time");
CREATE INDEX IF NOT EXISTS "django_apscheduler_djangojobexecution_job_id_daf5090a" ON "django_apscheduler_djangojobexecution" ("job_id");
CREATE INDEX IF NOT EXISTS "django_session_expire_date_a5c62663" ON "django_session" ("expire_date");
CREATE TABLE IF NOT EXISTS "GestorApp_vehiculo" ("id" integer NOT NULL PRIMARY KEY AUTOINCREMENT, "numero_veh" varchar(5) NOT NULL, "placa_veh" varchar(8) NOT NULL, "asientos" integer unsigned NOT NULL CHECK ("asientos" >= 0), "estado" varchar(2) NOT NULL, "fecha_creado" datetime NOT NULL, "fecha_actualizado" datetime NOT NULL, "propietario_id" bigint NULL REFERENCES "GestorApp_propietario" ("id") DEFERRABLE INITIALLY DEFERRED);
INSERT INTO "GestorApp_vehiculo" VALUES(1,'813','SNO537',8,'1','2024-04-04 17:55:07','2024-04-04 16:02:22.192328',33);
INSERT INTO "GestorApp_vehiculo" VALUES(2,'806','SWW061',9,'1','2024-04-04 17:55:07','2024-04-04 18:02:33.196503',41);
INSERT INTO "GestorApp_vehiculo" VALUES(3,'819','SWW090',9,'1','2024-04-04 17:55:08','2024-04-04 17:42:11.980437',43);
INSERT INTO "GestorApp_vehiculo" VALUES(4,'800','SWW324',9,'1','2024-04-04 17:55:09','2024-04-04 17:42:11.983522',41);
INSERT INTO "GestorApp_vehiculo" VALUES(5,'801','TBK986',8,'1','2024-04-04 17:55:10','2024-04-04 17:42:11.986521',33);
INSERT INTO "GestorApp_vehiculo" VALUES(6,'820','TBL618',9,'1','2024-04-04 17:55:11','2024-04-04 17:42:11.988524',21);
INSERT INTO "GestorApp_vehiculo" VALUES(7,'815','TBY178',9,'1','2024-04-04 17:55:12','2024-04-04 17:42:11.992523',5);
INSERT INTO "GestorApp_vehiculo" VALUES(8,'818','TGZ975',9,'1','2024-04-04 17:55:13','2024-04-04 17:42:11.995524',4);
INSERT INTO "GestorApp_vehiculo" VALUES(9,'814','THR639',8,'1','2024-04-04 17:55:14','2024-04-04 17:42:11.998638',15);
INSERT INTO "GestorApp_vehiculo" VALUES(10,'816','TJX917',8,'1','2024-04-04 17:55:15','2024-04-04 17:42:12.001629',6);
INSERT INTO "GestorApp_vehiculo" VALUES(11,'810','TOQ083',8,'1','2024-04-04 17:55:16','2024-04-04 17:42:12.004632',34);
INSERT INTO "GestorApp_vehiculo" VALUES(12,'812','TVB570',9,'1','2024-04-04 17:55:17','2024-04-04 17:42:12.007630',20);
INSERT INTO "GestorApp_vehiculo" VALUES(13,'803','TZY064',9,'1','2024-04-04 17:55:18','2024-04-04 17:42:12.009631',1);
INSERT INTO "GestorApp_vehiculo" VALUES(14,'802','TZY093',8,'1','2024-04-04 17:55:19','2024-04-04 17:42:12.012634',21);
INSERT INTO "GestorApp_vehiculo" VALUES(15,'817','TZY968',9,'1','2024-04-04 17:55:20','2024-04-04 17:42:12.015744',37);
INSERT INTO "GestorApp_vehiculo" VALUES(16,'808','VMB678',8,'1','2024-04-04 17:55:21','2024-04-04 17:42:12.018739',3);
INSERT INTO "GestorApp_vehiculo" VALUES(17,'804','VXI631',8,'1','2024-04-04 17:55:22','2024-04-04 17:42:12.021739',28);
INSERT INTO "GestorApp_vehiculo" VALUES(18,'822','VXI670',8,'1','2024-04-04 17:55:23','2024-04-04 17:42:12.024742',2);
INSERT INTO "GestorApp_vehiculo" VALUES(19,'821','VZS133',8,'1','2024-04-04 17:55:24','2024-04-04 17:42:12.026741',11);
INSERT INTO "GestorApp_vehiculo" VALUES(20,'811','WHK927',8,'1','2024-04-04 17:55:25','2024-04-04 17:42:12.029739',51);
INSERT INTO "GestorApp_vehiculo" VALUES(21,'807','XPK140',8,'1','2024-04-04 19:35:44.210237','2024-04-04 19:35:44.210237',28);
INSERT INTO "GestorApp_vehiculo" VALUES(22,'809','XZL397',8,'1','2024-04-04 19:35:44.212237','2024-04-04 19:35:44.212237',29);
INSERT INTO "GestorApp_vehiculo" VALUES(23,'823','YAQ600',9,'1','2024-04-04 19:35:44.231235','2024-04-04 19:35:44.232237',49);
INSERT INTO "GestorApp_vehiculo" VALUES(24,'610','SBN510',8,'1','2024-04-04 19:35:44.185705','2024-04-04 19:35:44.185705',10);
INSERT INTO "GestorApp_vehiculo" VALUES(25,'675','SLP425',9,'1','2024-04-04 19:35:44.236231','2024-04-04 19:35:44.237237',52);
INSERT INTO "GestorApp_vehiculo" VALUES(26,'696','SZN625',8,'1','2024-04-04 19:35:44.242237','2024-04-04 19:35:44.243237',55);
INSERT INTO "GestorApp_vehiculo" VALUES(27,'655','TBK620',8,'1','2024-04-04 19:35:44.203237','2024-04-04 19:35:44.204237',24);
INSERT INTO "GestorApp_vehiculo" VALUES(28,'615','TBK706',7,'1','2024-04-04 19:35:44.216233','2024-04-04 19:35:44.217232',32);
INSERT INTO "GestorApp_vehiculo" VALUES(29,'606','TBK807',8,'1','2024-04-04 19:35:44.189700','2024-04-04 19:35:44.190700',13);
INSERT INTO "GestorApp_vehiculo" VALUES(30,'690','TBK934',8,'1','2024-04-04 19:35:44.218239','2024-04-04 19:35:44.219237',36);
INSERT INTO "GestorApp_vehiculo" VALUES(31,'645','TBK966',8,'1','2024-04-04 19:35:44.221237','2024-04-04 19:35:44.221237',38);
INSERT INTO "GestorApp_vehiculo" VALUES(32,'680','TBO526',8,'1','2024-04-04 19:35:44.234232','2024-04-04 19:35:44.234232',50);
INSERT INTO "GestorApp_vehiculo" VALUES(33,'693','TBO592',8,'1','2024-04-04 19:35:44.227233','2024-04-04 19:35:44.227233',46);
INSERT INTO "GestorApp_vehiculo" VALUES(34,'603','TBO595',8,'1','2024-04-04 19:35:44.200701','2024-04-04 19:35:44.201708',20);
INSERT INTO "GestorApp_vehiculo" VALUES(35,'601','TBS196',8,'1','2024-04-04 19:35:44.225233','2024-04-04 19:35:44.225233',45);
INSERT INTO "GestorApp_vehiculo" VALUES(36,'692','TBS204',8,'1','2024-04-04 19:35:44.229236','2024-04-04 19:35:44.230235',48);
INSERT INTO "GestorApp_vehiculo" VALUES(37,'650','TBS357',8,'1','2024-04-04 19:35:44.191701','2024-04-04 19:35:44.192700',14);
INSERT INTO "GestorApp_vehiculo" VALUES(38,'635','TBY325',8,'1','2024-04-04 19:35:44.175717','2024-04-04 19:35:44.176717',8);
INSERT INTO "GestorApp_vehiculo" VALUES(39,'630','TGZ659',8,'1','2024-04-04 19:35:44.238237','2024-04-04 19:35:44.239237',53);
INSERT INTO "GestorApp_vehiculo" VALUES(40,'695','TKK660',9,'1','2024-04-04 19:35:44.244236','2024-04-04 19:35:44.245236',23);
INSERT INTO "GestorApp_vehiculo" VALUES(41,'604','TMZ220',8,'1','2024-04-04 19:35:44.205237','2024-04-04 19:35:44.206237',25);
INSERT INTO "GestorApp_vehiculo" VALUES(42,'620','UFY619',8,'1','2024-04-04 19:35:44.240236','2024-04-04 19:35:44.241236',54);
INSERT INTO "GestorApp_vehiculo" VALUES(43,'698','VXI173',8,'1','2024-04-04 19:35:44.247237','2024-04-04 19:35:44.247237',48);
INSERT INTO "GestorApp_vehiculo" VALUES(44,'685','VZB053',8,'1','2024-04-04 19:35:44.249237','2024-04-04 19:35:44.249237',47);
INSERT INTO "GestorApp_vehiculo" VALUES(45,'660','VZB151',8,'1','2024-04-04 19:35:44.223232','2024-04-04 19:35:44.223232',40);
INSERT INTO "GestorApp_vehiculo" VALUES(46,'607','VZF350',8,'1','2024-04-04 19:35:44.196700','2024-04-04 19:35:44.196700',16);
INSERT INTO "GestorApp_vehiculo" VALUES(47,'670','VZH774',7,'1','2024-04-04 19:35:44.251235','2024-04-04 19:35:44.252233',44);
INSERT INTO "GestorApp_vehiculo" VALUES(48,'697','VZH912',8,'1','2024-04-04 19:35:44.198700','2024-04-04 19:35:44.198700',16);
INSERT INTO "GestorApp_vehiculo" VALUES(49,'625','WGP235',8,'1','2024-04-04 19:35:44.207236','2024-04-04 19:35:44.208236',26);
INSERT INTO "GestorApp_vehiculo" VALUES(50,'691','XPK124',8,'1','2024-04-04 19:35:44.254232','2024-04-04 19:35:44.254232',23);
INSERT INTO "GestorApp_vehiculo" VALUES(51,'694','XPK128',8,'1','2024-04-04 19:35:44.169698','2024-04-04 19:35:44.171696',7);
INSERT INTO "GestorApp_vehiculo" VALUES(52,'640','XPK131',8,'1','2024-04-04 19:35:44.187700','2024-04-04 19:35:44.188700',12);
INSERT INTO "GestorApp_vehiculo" VALUES(53,'602','XPK147',8,'1','2024-04-04 19:35:44.214236','2024-04-04 19:35:44.214236',31);
INSERT INTO "GestorApp_vehiculo" VALUES(54,'665','XPK219',8,'1','2024-04-04 19:35:44.179711','2024-04-04 19:35:44.180709',8);
INSERT INTO "GestorApp_vehiculo" VALUES(55,'605','XPK241',8,'1','2024-04-04 19:35:44.193700','2024-04-04 19:35:44.194699',14);
CREATE INDEX IF NOT EXISTS "GestorApp_encomienda_programacion_id_0c9765a5" ON "GestorApp_encomienda" ("programacion_id");
CREATE INDEX IF NOT EXISTS "GestorApp_vehiculo_propietario_id_3a4563d5" ON "GestorApp_vehiculo" ("propietario_id");
CREATE INDEX IF NOT EXISTS "GestorApp_programacion_conductor_id_fad8ed81" ON "GestorApp_programacion" ("conductor_id");
CREATE INDEX IF NOT EXISTS "GestorApp_programacion_destino_id_7278cf04" ON "GestorApp_programacion" ("destino_id");
CREATE INDEX IF NOT EXISTS "GestorApp_programacion_origen_id_7d46a29d" ON "GestorApp_programacion" ("origen_id");
CREATE INDEX IF NOT EXISTS "GestorApp_programacion_vehiculo_id_013bea4e" ON "GestorApp_programacion" ("vehiculo_id");
CREATE UNIQUE INDEX "auth_group_permissions_group_id_permission_id_0cd325b0_uniq" ON "auth_group_permissions" ("group_id", "permission_id");
CREATE INDEX IF NOT EXISTS "auth_group_permissions_group_id_b120cbf9" ON "auth_group_permissions" ("group_id");
CREATE INDEX IF NOT EXISTS "auth_group_permissions_permission_id_84c5c92e" ON "auth_group_permissions" ("permission_id");
CREATE UNIQUE INDEX "auth_user_groups_user_id_group_id_94350c0c_uniq" ON "auth_user_groups" ("user_id", "group_id");
CREATE INDEX IF NOT EXISTS "auth_user_groups_user_id_6a12ed8b" ON "auth_user_groups" ("user_id");
CREATE INDEX IF NOT EXISTS "auth_user_groups_group_id_97559544" ON "auth_user_groups" ("group_id");
CREATE UNIQUE INDEX "auth_user_user_permissions_user_id_permission_id_14a6b632_uniq" ON "auth_user_user_permissions" ("user_id", "permission_id");
CREATE INDEX IF NOT EXISTS "auth_user_user_permissions_user_id_a95ead1b" ON "auth_user_user_permissions" ("user_id");
CREATE INDEX IF NOT EXISTS "auth_user_user_permissions_permission_id_1fbb5f2c" ON "auth_user_user_permissions" ("permission_id");
CREATE INDEX IF NOT EXISTS "django_admin_log_content_type_id_c4bce8eb" ON "django_admin_log" ("content_type_id");
CREATE INDEX IF NOT EXISTS "django_admin_log_user_id_c564eba6" ON "django_admin_log" ("user_id");
CREATE UNIQUE INDEX "django_content_type_app_label_model_76bd3d3b_uniq" ON "django_content_type" ("app_label", "model");
CREATE UNIQUE INDEX "auth_permission_content_type_id_codename_01ab375a_uniq" ON "auth_permission" ("content_type_id", "codename");
CREATE INDEX IF NOT EXISTS "auth_permission_content_type_id_2f476e4b" ON "auth_permission" ("content_type_id");
CREATE INDEX IF NOT EXISTS "django_apscheduler_djangojob_next_run_time_2f022619" ON "django_apscheduler_djangojob" ("next_run_time");
CREATE INDEX IF NOT EXISTS "django_apscheduler_djangojobexecution_run_time_16edd96b" ON "django_apscheduler_djangojobexecution" ("run_time");
CREATE INDEX IF NOT EXISTS "django_apscheduler_djangojobexecution_job_id_daf5090a" ON "django_apscheduler_djangojobexecution" ("job_id");
CREATE INDEX IF NOT EXISTS "django_session_expire_date_a5c62663" ON "django_session" ("expire_date");
CREATE TABLE IF NOT EXISTS "auth_group" ("id" integer NOT NULL PRIMARY KEY AUTOINCREMENT, "name" varchar(150) NOT NULL UNIQUE);
INSERT INTO "auth_group" VALUES(1,'despachadores');
CREATE INDEX IF NOT EXISTS "GestorApp_encomienda_programacion_id_0c9765a5" ON "GestorApp_encomienda" ("programacion_id");
CREATE INDEX IF NOT EXISTS "GestorApp_vehiculo_propietario_id_3a4563d5" ON "GestorApp_vehiculo" ("propietario_id");
CREATE INDEX IF NOT EXISTS "GestorApp_programacion_conductor_id_fad8ed81" ON "GestorApp_programacion" ("conductor_id");
CREATE INDEX IF NOT EXISTS "GestorApp_programacion_destino_id_7278cf04" ON "GestorApp_programacion" ("destino_id");
CREATE INDEX IF NOT EXISTS "GestorApp_programacion_origen_id_7d46a29d" ON "GestorApp_programacion" ("origen_id");
CREATE INDEX IF NOT EXISTS "GestorApp_programacion_vehiculo_id_013bea4e" ON "GestorApp_programacion" ("vehiculo_id");
CREATE UNIQUE INDEX "auth_group_permissions_group_id_permission_id_0cd325b0_uniq" ON "auth_group_permissions" ("group_id", "permission_id");
CREATE INDEX IF NOT EXISTS "auth_group_permissions_group_id_b120cbf9" ON "auth_group_permissions" ("group_id");
CREATE INDEX IF NOT EXISTS "auth_group_permissions_permission_id_84c5c92e" ON "auth_group_permissions" ("permission_id");
CREATE UNIQUE INDEX "auth_user_groups_user_id_group_id_94350c0c_uniq" ON "auth_user_groups" ("user_id", "group_id");
CREATE INDEX IF NOT EXISTS "auth_user_groups_user_id_6a12ed8b" ON "auth_user_groups" ("user_id");
CREATE INDEX IF NOT EXISTS "auth_user_groups_group_id_97559544" ON "auth_user_groups" ("group_id");
CREATE UNIQUE INDEX "auth_user_user_permissions_user_id_permission_id_14a6b632_uniq" ON "auth_user_user_permissions" ("user_id", "permission_id");
CREATE INDEX IF NOT EXISTS "auth_user_user_permissions_user_id_a95ead1b" ON "auth_user_user_permissions" ("user_id");
CREATE INDEX IF NOT EXISTS "auth_user_user_permissions_permission_id_1fbb5f2c" ON "auth_user_user_permissions" ("permission_id");
CREATE INDEX IF NOT EXISTS "django_admin_log_content_type_id_c4bce8eb" ON "django_admin_log" ("content_type_id");
CREATE INDEX IF NOT EXISTS "django_admin_log_user_id_c564eba6" ON "django_admin_log" ("user_id");
CREATE UNIQUE INDEX "django_content_type_app_label_model_76bd3d3b_uniq" ON "django_content_type" ("app_label", "model");
CREATE UNIQUE INDEX "auth_permission_content_type_id_codename_01ab375a_uniq" ON "auth_permission" ("content_type_id", "codename");
CREATE INDEX IF NOT EXISTS "auth_permission_content_type_id_2f476e4b" ON "auth_permission" ("content_type_id");
CREATE INDEX IF NOT EXISTS "django_apscheduler_djangojob_next_run_time_2f022619" ON "django_apscheduler_djangojob" ("next_run_time");
CREATE INDEX IF NOT EXISTS "django_apscheduler_djangojobexecution_run_time_16edd96b" ON "django_apscheduler_djangojobexecution" ("run_time");
CREATE INDEX IF NOT EXISTS "django_apscheduler_djangojobexecution_job_id_daf5090a" ON "django_apscheduler_djangojobexecution" ("job_id");
CREATE INDEX IF NOT EXISTS "django_session_expire_date_a5c62663" ON "django_session" ("expire_date");
CREATE TABLE IF NOT EXISTS "auth_group_permissions" ("id" integer NOT NULL PRIMARY KEY AUTOINCREMENT, "group_id" integer NOT NULL REFERENCES "auth_group" ("id") DEFERRABLE INITIALLY DEFERRED, "permission_id" integer NOT NULL REFERENCES "auth_permission" ("id") DEFERRABLE INITIALLY DEFERRED);
CREATE INDEX IF NOT EXISTS "GestorApp_encomienda_programacion_id_0c9765a5" ON "GestorApp_encomienda" ("programacion_id");
CREATE INDEX IF NOT EXISTS "GestorApp_vehiculo_propietario_id_3a4563d5" ON "GestorApp_vehiculo" ("propietario_id");
CREATE INDEX IF NOT EXISTS "GestorApp_programacion_conductor_id_fad8ed81" ON "GestorApp_programacion" ("conductor_id");
CREATE INDEX IF NOT EXISTS "GestorApp_programacion_destino_id_7278cf04" ON "GestorApp_programacion" ("destino_id");
CREATE INDEX IF NOT EXISTS "GestorApp_programacion_origen_id_7d46a29d" ON "GestorApp_programacion" ("origen_id");
CREATE INDEX IF NOT EXISTS "GestorApp_programacion_vehiculo_id_013bea4e" ON "GestorApp_programacion" ("vehiculo_id");
CREATE UNIQUE INDEX "auth_group_permissions_group_id_permission_id_0cd325b0_uniq" ON "auth_group_permissions" ("group_id", "permission_id");
CREATE INDEX IF NOT EXISTS "auth_group_permissions_group_id_b120cbf9" ON "auth_group_permissions" ("group_id");
CREATE INDEX IF NOT EXISTS "auth_group_permissions_permission_id_84c5c92e" ON "auth_group_permissions" ("permission_id");
CREATE UNIQUE INDEX "auth_user_groups_user_id_group_id_94350c0c_uniq" ON "auth_user_groups" ("user_id", "group_id");
CREATE INDEX IF NOT EXISTS "auth_user_groups_user_id_6a12ed8b" ON "auth_user_groups" ("user_id");
CREATE INDEX IF NOT EXISTS "auth_user_groups_group_id_97559544" ON "auth_user_groups" ("group_id");
CREATE UNIQUE INDEX "auth_user_user_permissions_user_id_permission_id_14a6b632_uniq" ON "auth_user_user_permissions" ("user_id", "permission_id");
CREATE INDEX IF NOT EXISTS "auth_user_user_permissions_user_id_a95ead1b" ON "auth_user_user_permissions" ("user_id");
CREATE INDEX IF NOT EXISTS "auth_user_user_permissions_permission_id_1fbb5f2c" ON "auth_user_user_permissions" ("permission_id");
CREATE INDEX IF NOT EXISTS "django_admin_log_content_type_id_c4bce8eb" ON "django_admin_log" ("content_type_id");
CREATE INDEX IF NOT EXISTS "django_admin_log_user_id_c564eba6" ON "django_admin_log" ("user_id");
CREATE UNIQUE INDEX "django_content_type_app_label_model_76bd3d3b_uniq" ON "django_content_type" ("app_label", "model");
CREATE UNIQUE INDEX "auth_permission_content_type_id_codename_01ab375a_uniq" ON "auth_permission" ("content_type_id", "codename");
CREATE INDEX IF NOT EXISTS "auth_permission_content_type_id_2f476e4b" ON "auth_permission" ("content_type_id");
CREATE INDEX IF NOT EXISTS "django_apscheduler_djangojob_next_run_time_2f022619" ON "django_apscheduler_djangojob" ("next_run_time");
CREATE INDEX IF NOT EXISTS "django_apscheduler_djangojobexecution_run_time_16edd96b" ON "django_apscheduler_djangojobexecution" ("run_time");
CREATE INDEX IF NOT EXISTS "django_apscheduler_djangojobexecution_job_id_daf5090a" ON "django_apscheduler_djangojobexecution" ("job_id");
CREATE INDEX IF NOT EXISTS "django_session_expire_date_a5c62663" ON "django_session" ("expire_date");
CREATE TABLE IF NOT EXISTS "auth_permission" ("id" integer NOT NULL PRIMARY KEY AUTOINCREMENT, "content_type_id" integer NOT NULL REFERENCES "django_content_type" ("id") DEFERRABLE INITIALLY DEFERRED, "codename" varchar(100) NOT NULL, "name" varchar(255) NOT NULL);
INSERT INTO "auth_permission" VALUES(1,1,'add_logentry','Can add log entry');
INSERT INTO "auth_permission" VALUES(2,1,'change_logentry','Can change log entry');
INSERT INTO "auth_permission" VALUES(3,1,'delete_logentry','Can delete log entry');
INSERT INTO "auth_permission" VALUES(4,1,'view_logentry','Can view log entry');
INSERT INTO "auth_permission" VALUES(5,2,'add_permission','Can add permission');
INSERT INTO "auth_permission" VALUES(6,2,'change_permission','Can change permission');
INSERT INTO "auth_permission" VALUES(7,2,'delete_permission','Can delete permission');
INSERT INTO "auth_permission" VALUES(8,2,'view_permission','Can view permission');
INSERT INTO "auth_permission" VALUES(9,3,'add_group','Can add group');
INSERT INTO "auth_permission" VALUES(10,3,'change_group','Can change group');
INSERT INTO "auth_permission" VALUES(11,3,'delete_group','Can delete group');
INSERT INTO "auth_permission" VALUES(12,3,'view_group','Can view group');
INSERT INTO "auth_permission" VALUES(13,4,'add_user','Can add user');
INSERT INTO "auth_permission" VALUES(14,4,'change_user','Can change user');
INSERT INTO "auth_permission" VALUES(15,4,'delete_user','Can delete user');
INSERT INTO "auth_permission" VALUES(16,4,'view_user','Can view user');
INSERT INTO "auth_permission" VALUES(17,5,'add_contenttype','Can add content type');
INSERT INTO "auth_permission" VALUES(18,5,'change_contenttype','Can change content type');
INSERT INTO "auth_permission" VALUES(19,5,'delete_contenttype','Can delete content type');
INSERT INTO "auth_permission" VALUES(20,5,'view_contenttype','Can view content type');
INSERT INTO "auth_permission" VALUES(21,6,'add_session','Can add session');
INSERT INTO "auth_permission" VALUES(22,6,'change_session','Can change session');
INSERT INTO "auth_permission" VALUES(23,6,'delete_session','Can delete session');
INSERT INTO "auth_permission" VALUES(24,6,'view_session','Can view session');
INSERT INTO "auth_permission" VALUES(25,7,'add_conductor','Can add conductor');
INSERT INTO "auth_permission" VALUES(26,7,'change_conductor','Can change conductor');
INSERT INTO "auth_permission" VALUES(27,7,'delete_conductor','Can delete conductor');
INSERT INTO "auth_permission" VALUES(28,7,'view_conductor','Can view conductor');
INSERT INTO "auth_permission" VALUES(29,8,'add_propietario','Can add propietario');
INSERT INTO "auth_permission" VALUES(30,8,'change_propietario','Can change propietario');
INSERT INTO "auth_permission" VALUES(31,8,'delete_propietario','Can delete propietario');
INSERT INTO "auth_permission" VALUES(32,8,'view_propietario','Can view propietario');
INSERT INTO "auth_permission" VALUES(33,9,'add_sede','Can add sede');
INSERT INTO "auth_permission" VALUES(34,9,'change_sede','Can change sede');
INSERT INTO "auth_permission" VALUES(35,9,'delete_sede','Can delete sede');
INSERT INTO "auth_permission" VALUES(36,9,'view_sede','Can view sede');
INSERT INTO "auth_permission" VALUES(37,10,'add_vehiculo','Can add vehiculo');
INSERT INTO "auth_permission" VALUES(38,10,'change_vehiculo','Can change vehiculo');
INSERT INTO "auth_permission" VALUES(39,10,'delete_vehiculo','Can delete vehiculo');
INSERT INTO "auth_permission" VALUES(40,10,'view_vehiculo','Can view vehiculo');
INSERT INTO "auth_permission" VALUES(41,11,'add_programacion','Can add programacion');
INSERT INTO "auth_permission" VALUES(42,11,'change_programacion','Can change programacion');
INSERT INTO "auth_permission" VALUES(43,11,'delete_programacion','Can delete programacion');
INSERT INTO "auth_permission" VALUES(44,11,'view_programacion','Can view programacion');
INSERT INTO "auth_permission" VALUES(45,12,'add_encomienda','Can add encomienda');
INSERT INTO "auth_permission" VALUES(46,12,'change_encomienda','Can change encomienda');
INSERT INTO "auth_permission" VALUES(47,12,'delete_encomienda','Can delete encomienda');
INSERT INTO "auth_permission" VALUES(48,12,'view_encomienda','Can view encomienda');
INSERT INTO "auth_permission" VALUES(49,13,'add_djangojob','Can add django job');
INSERT INTO "auth_permission" VALUES(50,13,'change_djangojob','Can change django job');
INSERT INTO "auth_permission" VALUES(51,13,'delete_djangojob','Can delete django job');
INSERT INTO "auth_permission" VALUES(52,13,'view_djangojob','Can view django job');
INSERT INTO "auth_permission" VALUES(53,14,'add_djangojobexecution','Can add django job execution');
INSERT INTO "auth_permission" VALUES(54,14,'change_djangojobexecution','Can change django job execution');
INSERT INTO "auth_permission" VALUES(55,14,'delete_djangojobexecution','Can delete django job execution');
INSERT INTO "auth_permission" VALUES(56,14,'view_djangojobexecution','Can view django job execution');
CREATE INDEX IF NOT EXISTS "GestorApp_encomienda_programacion_id_0c9765a5" ON "GestorApp_encomienda" ("programacion_id");
CREATE INDEX IF NOT EXISTS "GestorApp_vehiculo_propietario_id_3a4563d5" ON "GestorApp_vehiculo" ("propietario_id");
CREATE INDEX IF NOT EXISTS "GestorApp_programacion_conductor_id_fad8ed81" ON "GestorApp_programacion" ("conductor_id");
CREATE INDEX IF NOT EXISTS "GestorApp_programacion_destino_id_7278cf04" ON "GestorApp_programacion" ("destino_id");
CREATE INDEX IF NOT EXISTS "GestorApp_programacion_origen_id_7d46a29d" ON "GestorApp_programacion" ("origen_id");
CREATE INDEX IF NOT EXISTS "GestorApp_programacion_vehiculo_id_013bea4e" ON "GestorApp_programacion" ("vehiculo_id");
CREATE UNIQUE INDEX "auth_group_permissions_group_id_permission_id_0cd325b0_uniq" ON "auth_group_permissions" ("group_id", "permission_id");
CREATE INDEX IF NOT EXISTS "auth_group_permissions_group_id_b120cbf9" ON "auth_group_permissions" ("group_id");
CREATE INDEX IF NOT EXISTS "auth_group_permissions_permission_id_84c5c92e" ON "auth_group_permissions" ("permission_id");
CREATE UNIQUE INDEX "auth_user_groups_user_id_group_id_94350c0c_uniq" ON "auth_user_groups" ("user_id", "group_id");
CREATE INDEX IF NOT EXISTS "auth_user_groups_user_id_6a12ed8b" ON "auth_user_groups" ("user_id");
CREATE INDEX IF NOT EXISTS "auth_user_groups_group_id_97559544" ON "auth_user_groups" ("group_id");
CREATE UNIQUE INDEX "auth_user_user_permissions_user_id_permission_id_14a6b632_uniq" ON "auth_user_user_permissions" ("user_id", "permission_id");
CREATE INDEX IF NOT EXISTS "auth_user_user_permissions_user_id_a95ead1b" ON "auth_user_user_permissions" ("user_id");
CREATE INDEX IF NOT EXISTS "auth_user_user_permissions_permission_id_1fbb5f2c" ON "auth_user_user_permissions" ("permission_id");
CREATE INDEX IF NOT EXISTS "django_admin_log_content_type_id_c4bce8eb" ON "django_admin_log" ("content_type_id");
CREATE INDEX IF NOT EXISTS "django_admin_log_user_id_c564eba6" ON "django_admin_log" ("user_id");
CREATE UNIQUE INDEX "django_content_type_app_label_model_76bd3d3b_uniq" ON "django_content_type" ("app_label", "model");
CREATE UNIQUE INDEX "auth_permission_content_type_id_codename_01ab375a_uniq" ON "auth_permission" ("content_type_id", "codename");
CREATE INDEX IF NOT EXISTS "auth_permission_content_type_id_2f476e4b" ON "auth_permission" ("content_type_id");
CREATE INDEX IF NOT EXISTS "django_apscheduler_djangojob_next_run_time_2f022619" ON "django_apscheduler_djangojob" ("next_run_time");
CREATE INDEX IF NOT EXISTS "django_apscheduler_djangojobexecution_run_time_16edd96b" ON "django_apscheduler_djangojobexecution" ("run_time");
CREATE INDEX IF NOT EXISTS "django_apscheduler_djangojobexecution_job_id_daf5090a" ON "django_apscheduler_djangojobexecution" ("job_id");
CREATE INDEX IF NOT EXISTS "django_session_expire_date_a5c62663" ON "django_session" ("expire_date");
CREATE TABLE IF NOT EXISTS "auth_user" ("id" integer NOT NULL PRIMARY KEY AUTOINCREMENT, "password" varchar(128) NOT NULL, "last_login" datetime NULL, "is_superuser" bool NOT NULL, "username" varchar(150) NOT NULL UNIQUE, "last_name" varchar(150) NOT NULL, "email" varchar(254) NOT NULL, "is_staff" bool NOT NULL, "is_active" bool NOT NULL, "date_joined" datetime NOT NULL, "first_name" varchar(150) NOT NULL);
INSERT INTO "auth_user" VALUES(1,'pbkdf2_sha256$600000$g5b9RsgUPiivPqSe8ZgNZp$p0OdDXZbJv4uly8d3mHJ+sDvX9R0OFbcxt7App5hx3U=','2024-04-14 14:57:24.938646',1,'plateña_admin','','gestorcootpla@gmail.com',1,1,'2030-04-30 05:00:02','');
INSERT INTO "auth_user" VALUES(2,'pbkdf2_sha256$600000$I7zUZdhCUMEUxxXqQCYpwn$RA2vuTssbWUM8jxcBCYiSpZ2PeblNogdD7EDFj4/bJ8=','2024-04-03 22:36:15',0,'rodamiento','','',1,1,'2024-04-03 21:40:16','');
INSERT INTO "auth_user" VALUES(3,'pbkdf2_sha256$600000$Cx9NPOqNYUrnVeVtBkDaew$8TH+DUZmUb107ZpXaTzHCI/zUYx89CyRnj4wCL8XYaY=',NULL,0,'despacho1','','',0,1,'2025-04-04 20:02:22','');
CREATE INDEX IF NOT EXISTS "GestorApp_encomienda_programacion_id_0c9765a5" ON "GestorApp_encomienda" ("programacion_id");
CREATE INDEX IF NOT EXISTS "GestorApp_vehiculo_propietario_id_3a4563d5" ON "GestorApp_vehiculo" ("propietario_id");
CREATE INDEX IF NOT EXISTS "GestorApp_programacion_conductor_id_fad8ed81" ON "GestorApp_programacion" ("conductor_id");
CREATE INDEX IF NOT EXISTS "GestorApp_programacion_destino_id_7278cf04" ON "GestorApp_programacion" ("destino_id");
CREATE INDEX IF NOT EXISTS "GestorApp_programacion_origen_id_7d46a29d" ON "GestorApp_programacion" ("origen_id");
CREATE INDEX IF NOT EXISTS "GestorApp_programacion_vehiculo_id_013bea4e" ON "GestorApp_programacion" ("vehiculo_id");
CREATE UNIQUE INDEX "auth_group_permissions_group_id_permission_id_0cd325b0_uniq" ON "auth_group_permissions" ("group_id", "permission_id");
CREATE INDEX IF NOT EXISTS "auth_group_permissions_group_id_b120cbf9" ON "auth_group_permissions" ("group_id");
CREATE INDEX IF NOT EXISTS "auth_group_permissions_permission_id_84c5c92e" ON "auth_group_permissions" ("permission_id");
CREATE UNIQUE INDEX "auth_user_groups_user_id_group_id_94350c0c_uniq" ON "auth_user_groups" ("user_id", "group_id");
CREATE INDEX IF NOT EXISTS "auth_user_groups_user_id_6a12ed8b" ON "auth_user_groups" ("user_id");
CREATE INDEX IF NOT EXISTS "auth_user_groups_group_id_97559544" ON "auth_user_groups" ("group_id");
CREATE UNIQUE INDEX "auth_user_user_permissions_user_id_permission_id_14a6b632_uniq" ON "auth_user_user_permissions" ("user_id", "permission_id");
CREATE INDEX IF NOT EXISTS "auth_user_user_permissions_user_id_a95ead1b" ON "auth_user_user_permissions" ("user_id");
CREATE INDEX IF NOT EXISTS "auth_user_user_permissions_permission_id_1fbb5f2c" ON "auth_user_user_permissions" ("permission_id");
CREATE INDEX IF NOT EXISTS "django_admin_log_content_type_id_c4bce8eb" ON "django_admin_log" ("content_type_id");
CREATE INDEX IF NOT EXISTS "django_admin_log_user_id_c564eba6" ON "django_admin_log" ("user_id");
CREATE UNIQUE INDEX "django_content_type_app_label_model_76bd3d3b_uniq" ON "django_content_type" ("app_label", "model");
CREATE UNIQUE INDEX "auth_permission_content_type_id_codename_01ab375a_uniq" ON "auth_permission" ("content_type_id", "codename");
CREATE INDEX IF NOT EXISTS "auth_permission_content_type_id_2f476e4b" ON "auth_permission" ("content_type_id");
CREATE INDEX IF NOT EXISTS "django_apscheduler_djangojob_next_run_time_2f022619" ON "django_apscheduler_djangojob" ("next_run_time");
CREATE INDEX IF NOT EXISTS "django_apscheduler_djangojobexecution_run_time_16edd96b" ON "django_apscheduler_djangojobexecution" ("run_time");
CREATE INDEX IF NOT EXISTS "django_apscheduler_djangojobexecution_job_id_daf5090a" ON "django_apscheduler_djangojobexecution" ("job_id");
CREATE INDEX IF NOT EXISTS "django_session_expire_date_a5c62663" ON "django_session" ("expire_date");
CREATE TABLE IF NOT EXISTS "auth_user_groups" ("id" integer NOT NULL PRIMARY KEY AUTOINCREMENT, "user_id" integer NOT NULL REFERENCES "auth_user" ("id") DEFERRABLE INITIALLY DEFERRED, "group_id" integer NOT NULL REFERENCES "auth_group" ("id") DEFERRABLE INITIALLY DEFERRED);
CREATE INDEX IF NOT EXISTS "GestorApp_encomienda_programacion_id_0c9765a5" ON "GestorApp_encomienda" ("programacion_id");
CREATE INDEX IF NOT EXISTS "GestorApp_vehiculo_propietario_id_3a4563d5" ON "GestorApp_vehiculo" ("propietario_id");
CREATE INDEX IF NOT EXISTS "GestorApp_programacion_conductor_id_fad8ed81" ON "GestorApp_programacion" ("conductor_id");
CREATE INDEX IF NOT EXISTS "GestorApp_programacion_destino_id_7278cf04" ON "GestorApp_programacion" ("destino_id");
CREATE INDEX IF NOT EXISTS "GestorApp_programacion_origen_id_7d46a29d" ON "GestorApp_programacion" ("origen_id");
CREATE INDEX IF NOT EXISTS "GestorApp_programacion_vehiculo_id_013bea4e" ON "GestorApp_programacion" ("vehiculo_id");
CREATE UNIQUE INDEX "auth_group_permissions_group_id_permission_id_0cd325b0_uniq" ON "auth_group_permissions" ("group_id", "permission_id");
CREATE INDEX IF NOT EXISTS "auth_group_permissions_group_id_b120cbf9" ON "auth_group_permissions" ("group_id");
CREATE INDEX IF NOT EXISTS "auth_group_permissions_permission_id_84c5c92e" ON "auth_group_permissions" ("permission_id");
CREATE UNIQUE INDEX "auth_user_groups_user_id_group_id_94350c0c_uniq" ON "auth_user_groups" ("user_id", "group_id");
CREATE INDEX IF NOT EXISTS "auth_user_groups_user_id_6a12ed8b" ON "auth_user_groups" ("user_id");
CREATE INDEX IF NOT EXISTS "auth_user_groups_group_id_97559544" ON "auth_user_groups" ("group_id");
CREATE UNIQUE INDEX "auth_user_user_permissions_user_id_permission_id_14a6b632_uniq" ON "auth_user_user_permissions" ("user_id", "permission_id");
CREATE INDEX IF NOT EXISTS "auth_user_user_permissions_user_id_a95ead1b" ON "auth_user_user_permissions" ("user_id");
CREATE INDEX IF NOT EXISTS "auth_user_user_permissions_permission_id_1fbb5f2c" ON "auth_user_user_permissions" ("permission_id");
CREATE INDEX IF NOT EXISTS "django_admin_log_content_type_id_c4bce8eb" ON "django_admin_log" ("content_type_id");
CREATE INDEX IF NOT EXISTS "django_admin_log_user_id_c564eba6" ON "django_admin_log" ("user_id");
CREATE UNIQUE INDEX "django_content_type_app_label_model_76bd3d3b_uniq" ON "django_content_type" ("app_label", "model");
CREATE UNIQUE INDEX "auth_permission_content_type_id_codename_01ab375a_uniq" ON "auth_permission" ("content_type_id", "codename");
CREATE INDEX IF NOT EXISTS "auth_permission_content_type_id_2f476e4b" ON "auth_permission" ("content_type_id");
CREATE INDEX IF NOT EXISTS "django_apscheduler_djangojob_next_run_time_2f022619" ON "django_apscheduler_djangojob" ("next_run_time");
CREATE INDEX IF NOT EXISTS "django_apscheduler_djangojobexecution_run_time_16edd96b" ON "django_apscheduler_djangojobexecution" ("run_time");
CREATE INDEX IF NOT EXISTS "django_apscheduler_djangojobexecution_job_id_daf5090a" ON "django_apscheduler_djangojobexecution" ("job_id");
CREATE INDEX IF NOT EXISTS "django_session_expire_date_a5c62663" ON "django_session" ("expire_date");
CREATE TABLE IF NOT EXISTS "auth_user_user_permissions" ("id" integer NOT NULL PRIMARY KEY AUTOINCREMENT, "user_id" integer NOT NULL REFERENCES "auth_user" ("id") DEFERRABLE INITIALLY DEFERRED, "permission_id" integer NOT NULL REFERENCES "auth_permission" ("id") DEFERRABLE INITIALLY DEFERRED);
CREATE INDEX IF NOT EXISTS "GestorApp_encomienda_programacion_id_0c9765a5" ON "GestorApp_encomienda" ("programacion_id");
CREATE INDEX IF NOT EXISTS "GestorApp_vehiculo_propietario_id_3a4563d5" ON "GestorApp_vehiculo" ("propietario_id");
CREATE INDEX IF NOT EXISTS "GestorApp_programacion_conductor_id_fad8ed81" ON "GestorApp_programacion" ("conductor_id");
CREATE INDEX IF NOT EXISTS "GestorApp_programacion_destino_id_7278cf04" ON "GestorApp_programacion" ("destino_id");
CREATE INDEX IF NOT EXISTS "GestorApp_programacion_origen_id_7d46a29d" ON "GestorApp_programacion" ("origen_id");
CREATE INDEX IF NOT EXISTS "GestorApp_programacion_vehiculo_id_013bea4e" ON "GestorApp_programacion" ("vehiculo_id");
CREATE UNIQUE INDEX "auth_group_permissions_group_id_permission_id_0cd325b0_uniq" ON "auth_group_permissions" ("group_id", "permission_id");
CREATE INDEX IF NOT EXISTS "auth_group_permissions_group_id_b120cbf9" ON "auth_group_permissions" ("group_id");
CREATE INDEX IF NOT EXISTS "auth_group_permissions_permission_id_84c5c92e" ON "auth_group_permissions" ("permission_id");
CREATE UNIQUE INDEX "auth_user_groups_user_id_group_id_94350c0c_uniq" ON "auth_user_groups" ("user_id", "group_id");
CREATE INDEX IF NOT EXISTS "auth_user_groups_user_id_6a12ed8b" ON "auth_user_groups" ("user_id");
CREATE INDEX IF NOT EXISTS "auth_user_groups_group_id_97559544" ON "auth_user_groups" ("group_id");
CREATE UNIQUE INDEX "auth_user_user_permissions_user_id_permission_id_14a6b632_uniq" ON "auth_user_user_permissions" ("user_id", "permission_id");
CREATE INDEX IF NOT EXISTS "auth_user_user_permissions_user_id_a95ead1b" ON "auth_user_user_permissions" ("user_id");
CREATE INDEX IF NOT EXISTS "auth_user_user_permissions_permission_id_1fbb5f2c" ON "auth_user_user_permissions" ("permission_id");
CREATE INDEX IF NOT EXISTS "django_admin_log_content_type_id_c4bce8eb" ON "django_admin_log" ("content_type_id");
CREATE INDEX IF NOT EXISTS "django_admin_log_user_id_c564eba6" ON "django_admin_log" ("user_id");
CREATE UNIQUE INDEX "django_content_type_app_label_model_76bd3d3b_uniq" ON "django_content_type" ("app_label", "model");
CREATE UNIQUE INDEX "auth_permission_content_type_id_codename_01ab375a_uniq" ON "auth_permission" ("content_type_id", "codename");
CREATE INDEX IF NOT EXISTS "auth_permission_content_type_id_2f476e4b" ON "auth_permission" ("content_type_id");
CREATE INDEX IF NOT EXISTS "django_apscheduler_djangojob_next_run_time_2f022619" ON "django_apscheduler_djangojob" ("next_run_time");
CREATE INDEX IF NOT EXISTS "django_apscheduler_djangojobexecution_run_time_16edd96b" ON "django_apscheduler_djangojobexecution" ("run_time");
CREATE INDEX IF NOT EXISTS "django_apscheduler_djangojobexecution_job_id_daf5090a" ON "django_apscheduler_djangojobexecution" ("job_id");
CREATE INDEX IF NOT EXISTS "django_session_expire_date_a5c62663" ON "django_session" ("expire_date");
CREATE TABLE IF NOT EXISTS "django_admin_log" ("id" integer NOT NULL PRIMARY KEY AUTOINCREMENT, "object_id" text NULL, "object_repr" varchar(200) NOT NULL, "action_flag" smallint unsigned NOT NULL CHECK ("action_flag" >= 0), "change_message" text NOT NULL, "content_type_id" integer NULL REFERENCES "django_content_type" ("id") DEFERRABLE INITIALLY DEFERRED, "user_id" integer NOT NULL REFERENCES "auth_user" ("id") DEFERRABLE INITIALLY DEFERRED, "action_time" datetime NOT NULL);
INSERT INTO "django_admin_log" VALUES(1,'1','plateña_admin',2,'[{"changed": {"fields": ["Email address", "Date joined"]}}]',4,1,'2024-04-03 21:32:25.011353');
INSERT INTO "django_admin_log" VALUES(2,'1','despachadores',1,'[{"added": {}}]',3,1,'2024-04-03 21:32:51.953041');
INSERT INTO "django_admin_log" VALUES(3,'2','rodamiento',1,'[{"added": {}}]',4,1,'2024-04-03 21:40:17.486622');
INSERT INTO "django_admin_log" VALUES(4,'2','rodamiento',2,'[{"changed": {"fields": ["Email address", "Staff status"]}}]',4,1,'2024-04-03 22:18:19.053686');
INSERT INTO "django_admin_log" VALUES(5,'1','Neiva',1,'new through import_export',9,1,'2024-04-04 00:45:28.327615');
INSERT INTO "django_admin_log" VALUES(6,'2','La Plata',1,'new through import_export',9,1,'2024-04-04 00:45:28.460189');
INSERT INTO "django_admin_log" VALUES(7,'3','Cali',1,'new through import_export',9,1,'2024-04-04 00:45:28.558371');
INSERT INTO "django_admin_log" VALUES(8,'4','Popayán',1,'new through import_export',9,1,'2024-04-04 00:45:28.693904');
INSERT INTO "django_admin_log" VALUES(9,'5','Inza',1,'new through import_export',9,1,'2024-04-04 00:45:28.793181');
INSERT INTO "django_admin_log" VALUES(10,'6','Pitalito',1,'new through import_export',9,1,'2024-04-04 00:45:28.974234');
INSERT INTO "django_admin_log" VALUES(11,'7','La Argentina',1,'new through import_export',9,1,'2024-04-04 00:45:29.140666');
INSERT INTO "django_admin_log" VALUES(12,'1','Neiva',2,'update through import_export',9,1,'2024-04-04 00:49:10.964361');
INSERT INTO "django_admin_log" VALUES(13,'2','La Plata',2,'update through import_export',9,1,'2024-04-04 00:49:11.095449');
INSERT INTO "django_admin_log" VALUES(14,'3','Cali',2,'update through import_export',9,1,'2024-04-04 00:49:11.194748');
INSERT INTO "django_admin_log" VALUES(15,'4','Popayán',2,'update through import_export',9,1,'2024-04-04 00:49:11.308324');
INSERT INTO "django_admin_log" VALUES(16,'5','Inza',2,'update through import_export',9,1,'2024-04-04 00:49:11.420350');
INSERT INTO "django_admin_log" VALUES(17,'6','Pitalito',2,'update through import_export',9,1,'2024-04-04 00:49:11.542724');
INSERT INTO "django_admin_log" VALUES(18,'7','La Argentina',2,'update through import_export',9,1,'2024-04-04 00:49:11.617252');
INSERT INTO "django_admin_log" VALUES(19,'1','ALBA MARIA CASTILLO SANCHEZ - 803',1,'new through import_export',7,1,'2024-04-04 01:44:02.435111');
INSERT INTO "django_admin_log" VALUES(20,'2','ALVARO TRIANA SAENZ - 822',1,'new through import_export',7,1,'2024-04-04 01:44:02.532346');
INSERT INTO "django_admin_log" VALUES(21,'3','ANDREA JIMENA ARENAS ALVIRA - 808',1,'new through import_export',7,1,'2024-04-04 01:44:02.668787');
INSERT INTO "django_admin_log" VALUES(22,'4','ARMANDO MEDINA CABRERA - 818',1,'new through import_export',7,1,'2024-04-04 01:44:02.744051');
INSERT INTO "django_admin_log" VALUES(23,'5','EIDER MAURICIO LOSADA JARAMILLO - 815',1,'new through import_export',7,1,'2024-04-04 01:44:02.858651');
INSERT INTO "django_admin_log" VALUES(24,'6','ELCIRA OIDOR QUILES - 816',1,'new through import_export',7,1,'2024-04-04 01:44:02.966641');
INSERT INTO "django_admin_log" VALUES(25,'7','ELSA MARIA LISCANO QUINTERO - 694',1,'new through import_export',7,1,'2024-04-04 01:44:03.168476');
INSERT INTO "django_admin_log" VALUES(26,'8','ELSA MILLENA GONZALEZ PEÑA - 635',1,'new through import_export',7,1,'2024-04-04 01:44:03.354326');
INSERT INTO "django_admin_log" VALUES(27,'9','ELSA MILLENA GONZALEZ PEÑA - 665',1,'new through import_export',7,1,'2024-04-04 01:44:03.532658');
INSERT INTO "django_admin_log" VALUES(28,'10','ENOC MAURICIO ROA NUÑEZ - 610',1,'new through import_export',7,1,'2024-04-04 01:44:03.725166');
INSERT INTO "django_admin_log" VALUES(29,'11','FEISER ABUNDIO TORRALBA MARIN - 821',1,'new through import_export',7,1,'2024-04-04 01:44:03.936417');
INSERT INTO "django_admin_log" VALUES(30,'12','FELIX MARIA MARTINEZ QUEVEDO - 640',1,'new through import_export',7,1,'2024-04-04 01:44:04.125783');
INSERT INTO "django_admin_log" VALUES(31,'13','FREDY PAREDES BARCIAS - 606',1,'new through import_export',7,1,'2024-04-04 01:44:04.279955');
INSERT INTO "django_admin_log" VALUES(32,'14','FREYDER MEDINA CESPEDES - 605',1,'new through import_export',7,1,'2024-04-04 01:44:04.403057');
INSERT INTO "django_admin_log" VALUES(33,'15','GELMO MEDINA TRUJILLO - 814',1,'new through import_export',7,1,'2024-04-04 01:44:04.543930');
INSERT INTO "django_admin_log" VALUES(34,'16','GERARDO ZAMBRANO  PEREZ - 607',1,'new through import_export',7,1,'2024-04-04 01:44:04.656101');
INSERT INTO "django_admin_log" VALUES(35,'17','GERARDO ZAMBRANO PEREZ - 692',1,'new through import_export',7,1,'2024-04-04 01:44:04.744003');
INSERT INTO "django_admin_log" VALUES(36,'18','GERARDO ZAMBRANO PEREZ - 697',1,'new through import_export',7,1,'2024-04-04 01:44:04.869471');
INSERT INTO "django_admin_log" VALUES(37,'19','GILBERTH ALFONSO AVIRAMA - 812',1,'new through import_export',7,1,'2024-04-04 01:44:04.954962');
INSERT INTO "django_admin_log" VALUES(38,'20','GILBERTH ALFONSO AVIRAMA - 603',1,'new through import_export',7,1,'2024-04-04 01:44:05.154831');
INSERT INTO "django_admin_log" VALUES(39,'21','GLADYS CRUZ ELENA DE LOS RIOS RUEDA - 820',1,'new through import_export',7,1,'2024-04-04 01:44:05.277973');
INSERT INTO "django_admin_log" VALUES(40,'22','GLADYS CRUZ ELENA DE LOS RIOS RUEDA - 802',1,'new through import_export',7,1,'2024-04-04 01:44:05.380219');
INSERT INTO "django_admin_log" VALUES(41,'23','GLADYS CRUZ ELENA DE LOS RIOS RUEDA - 691',1,'new through import_export',7,1,'2024-04-04 01:44:05.478169');
INSERT INTO "django_admin_log" VALUES(42,'24','GLADYS FERNANDEZ SANCHEZ - 655',1,'new through import_export',7,1,'2024-04-04 01:44:05.579911');
INSERT INTO "django_admin_log" VALUES(43,'25','IVAN MENESES ORDOÑEZ - 604',1,'new through import_export',7,1,'2024-04-04 01:44:05.677148');
INSERT INTO "django_admin_log" VALUES(44,'26','IVAN MENESES ORDOÑEZ - 625',1,'new through import_export',7,1,'2024-04-04 01:44:05.802197');
INSERT INTO "django_admin_log" VALUES(45,'27','JAIME HERNAN VALENZUELA RAMOS - 695',1,'new through import_export',7,1,'2024-04-04 01:44:05.902468');
INSERT INTO "django_admin_log" VALUES(46,'28','JHON JAIRO QUEVEDO TRUJILLO - 804',1,'new through import_export',7,1,'2024-04-04 01:44:06.002567');
INSERT INTO "django_admin_log" VALUES(47,'29','JHON JAIRO QUEVEDO TRUJILLO - 807',1,'new through import_export',7,1,'2024-04-04 01:44:06.181147');
INSERT INTO "django_admin_log" VALUES(48,'30','JHON JAIRO QUEVEDO TRUJILLO - 809',1,'new through import_export',7,1,'2024-04-04 01:44:06.312076');
INSERT INTO "django_admin_log" VALUES(49,'31','JHONATAN ANDRES CAICEDO ROSERO - 602',1,'new through import_export',7,1,'2024-04-04 01:44:06.432141');
INSERT INTO "django_admin_log" VALUES(50,'32','JOSE ERNEY PERDOMO CHAVEZ - 615',1,'new through import_export',7,1,'2024-04-04 01:44:06.532810');
INSERT INTO "django_admin_log" VALUES(51,'33','JOSE IZNARDO CHANTRE PEREZ - 813',1,'new through import_export',7,1,'2024-04-04 01:44:06.656141');
INSERT INTO "django_admin_log" VALUES(52,'34','JOSE IZNARDO CHANTRE PEREZ - 801',1,'new through import_export',7,1,'2024-04-04 01:44:06.766153');
INSERT INTO "django_admin_log" VALUES(53,'35','JOSE IZNARDO CHANTRE PEREZ - 810',1,'new through import_export',7,1,'2024-04-04 01:44:06.866664');
INSERT INTO "django_admin_log" VALUES(54,'36','JOSE MIGUEL VALENCIA TRUJILLO  - 690',1,'new through import_export',7,1,'2024-04-04 01:44:06.979871');
INSERT INTO "django_admin_log" VALUES(55,'37','LEONARDO BURBANO CLEVES - 817',1,'new through import_export',7,1,'2024-04-04 01:44:07.089361');
INSERT INTO "django_admin_log" VALUES(56,'38','LUIS ALBEIRO URRUTIA MANQUILLO - 645',1,'new through import_export',7,1,'2024-04-04 01:44:07.188885');
INSERT INTO "django_admin_log" VALUES(57,'39','LUIS EDUARDO AVILES - 650',1,'new through import_export',7,1,'2024-04-04 01:44:07.300702');
INSERT INTO "django_admin_log" VALUES(58,'40','LUIS EDUARDO AVILES - 660',1,'new through import_export',7,1,'2024-04-04 01:44:07.422189');
INSERT INTO "django_admin_log" VALUES(59,'41','LUIS HENRY TRUJILLO MURCIA - 806',1,'new through import_export',7,1,'2024-04-04 01:44:07.535453');
INSERT INTO "django_admin_log" VALUES(60,'42','LUIS HENRY TRUJILLO MURCIA - 800',1,'new through import_export',7,1,'2024-04-04 01:44:07.643688');
INSERT INTO "django_admin_log" VALUES(61,'43','MARIA LID HERNANDEZ CHAVEZ - 819',1,'new through import_export',7,1,'2024-04-04 01:44:07.732076');
INSERT INTO "django_admin_log" VALUES(62,'44','MARIA MODESTA MEDINA QUINTERO - 670',1,'new through import_export',7,1,'2024-04-04 01:44:07.846815');
INSERT INTO "django_admin_log" VALUES(63,'45','MILTON FABIAN PENCUE VELASCO - 601',1,'new through import_export',7,1,'2024-04-04 01:44:07.943914');
INSERT INTO "django_admin_log" VALUES(64,'46','NAVOR HERNAN VELASCO CASTRO - 693',1,'new through import_export',7,1,'2024-04-04 01:44:08.057583');
INSERT INTO "django_admin_log" VALUES(65,'47','NELSON ENRIQUE LIEVANO SANCHEZ - 685',1,'new through import_export',7,1,'2024-04-04 01:44:08.190908');
INSERT INTO "django_admin_log" VALUES(66,'48','OBEIMAR PAYA YACUE - 698',1,'new through import_export',7,1,'2024-04-04 01:44:08.291374');
INSERT INTO "django_admin_log" VALUES(67,'49','ROSSE MAXBEL MARTINEZ CASAS - 823',1,'new through import_export',7,1,'2024-04-04 01:44:08.402913');
INSERT INTO "django_admin_log" VALUES(68,'50','SILVESTRE GOLONDRINO CHAPARRAL - 680',1,'new through import_export',7,1,'2024-04-04 01:44:08.513883');
INSERT INTO "django_admin_log" VALUES(69,'51','VICTOR NEBARDO PENNA MEDINA - 811',1,'new through import_export',7,1,'2024-04-04 01:44:08.633305');
INSERT INTO "django_admin_log" VALUES(70,'52','VICTOR OLMEDO BARRAGAN QUINTERO - 675',1,'new through import_export',7,1,'2024-04-04 01:44:08.736539');
INSERT INTO "django_admin_log" VALUES(71,'53','VICTOR OLMEDO BARRAGAN QUINTERO - 630',1,'new through import_export',7,1,'2024-04-04 01:44:08.833307');
INSERT INTO "django_admin_log" VALUES(72,'54','VICTOR OLMEDO BARRANGAN QUINTERO - 620',1,'new through import_export',7,1,'2024-04-04 01:44:08.933908');
INSERT INTO "django_admin_log" VALUES(73,'55','YULIANA ANDREA PUYO ARTEAGA - 696',1,'new through import_export',7,1,'2024-04-04 01:44:09.044024');
INSERT INTO "django_admin_log" VALUES(74,'1','ALBA MARIA CASTILLO SANCHEZ',1,'new through import_export',8,1,'2024-04-04 14:21:12.658973');
INSERT INTO "django_admin_log" VALUES(75,'2','ALVARO TRIANA SAENZ',1,'new through import_export',8,1,'2024-04-04 14:21:13.271293');
INSERT INTO "django_admin_log" VALUES(76,'3','ANDREA JIMENA ARENAS ALVIRA',1,'new through import_export',8,1,'2024-04-04 14:21:13.813358');
INSERT INTO "django_admin_log" VALUES(77,'4','ARMANDO MEDINA CABRERA',1,'new through import_export',8,1,'2024-04-04 14:21:14.215335');
INSERT INTO "django_admin_log" VALUES(78,'5','EIDER MAURICIO LOSADA JARAMILLO',1,'new through import_export',8,1,'2024-04-04 14:21:14.526387');
INSERT INTO "django_admin_log" VALUES(79,'6','ELCIRA OIDOR QUILES',1,'new through import_export',8,1,'2024-04-04 14:21:14.812296');
INSERT INTO "django_admin_log" VALUES(80,'7','ELSA MARIA LISCANO QUINTERO',1,'new through import_export',8,1,'2024-04-04 14:21:15.157070');
INSERT INTO "django_admin_log" VALUES(81,'8','ELSA MILLENA GONZALEZ PEÑA',1,'new through import_export',8,1,'2024-04-04 14:21:15.434874');
INSERT INTO "django_admin_log" VALUES(82,'9','ELSA MILLENA GONZALEZ PEÑA',1,'new through import_export',8,1,'2024-04-04 14:21:15.712088');
INSERT INTO "django_admin_log" VALUES(83,'10','ENOC MAURICIO ROA NUÑEZ',1,'new through import_export',8,1,'2024-04-04 14:21:16.278408');
INSERT INTO "django_admin_log" VALUES(84,'11','FEISER ABUNDIO TORRALBA MARIN',1,'new through import_export',8,1,'2024-04-04 14:21:16.504887');
INSERT INTO "django_admin_log" VALUES(85,'12','FELIX MARIA MARTINEZ QUEVEDO',1,'new through import_export',8,1,'2024-04-04 14:21:16.928913');
INSERT INTO "django_admin_log" VALUES(86,'13','FREDY PAREDES BARCIAS',1,'new through import_export',8,1,'2024-04-04 14:21:17.179770');
INSERT INTO "django_admin_log" VALUES(87,'14','FREYDER MEDINA CESPEDES',1,'new through import_export',8,1,'2024-04-04 14:21:17.504784');
INSERT INTO "django_admin_log" VALUES(88,'15','GELMO MEDINA TRUJILLO',1,'new through import_export',8,1,'2024-04-04 14:21:17.735455');
INSERT INTO "django_admin_log" VALUES(89,'16','GERARDO ZAMBRANO  PEREZ',1,'new through import_export',8,1,'2024-04-04 14:21:18.006635');
INSERT INTO "django_admin_log" VALUES(90,'17','GERARDO ZAMBRANO PEREZ',1,'new through import_export',8,1,'2024-04-04 14:21:18.239521');
INSERT INTO "django_admin_log" VALUES(91,'18','GERARDO ZAMBRANO PEREZ',1,'new through import_export',8,1,'2024-04-04 14:21:18.472762');
INSERT INTO "django_admin_log" VALUES(92,'19','GILBERTH ALFONSO AVIRAMA',1,'new through import_export',8,1,'2024-04-04 14:21:18.717259');
INSERT INTO "django_admin_log" VALUES(93,'20','GILBERTH ALFONSO AVIRAMA',1,'new through import_export',8,1,'2024-04-04 14:21:19.002163');
INSERT INTO "django_admin_log" VALUES(94,'21','GLADYS CRUZ ELENA DE LOS RIOS RUEDA',1,'new through import_export',8,1,'2024-04-04 14:21:19.239316');
INSERT INTO "django_admin_log" VALUES(95,'22','GLADYS CRUZ ELENA DE LOS RIOS RUEDA',1,'new through import_export',8,1,'2024-04-04 14:21:19.479731');
INSERT INTO "django_admin_log" VALUES(96,'23','GLADYS CRUZ ELENA DE LOS RIOS RUEDA',1,'new through import_export',8,1,'2024-04-04 14:21:19.810654');
INSERT INTO "django_admin_log" VALUES(97,'24','GLADYS FERNANDEZ SANCHEZ',1,'new through import_export',8,1,'2024-04-04 14:21:20.079189');
INSERT INTO "django_admin_log" VALUES(98,'25','IVAN MENESES ORDOÑEZ',1,'new through import_export',8,1,'2024-04-04 14:21:20.384469');
INSERT INTO "django_admin_log" VALUES(99,'26','IVAN MENESES ORDOÑEZ',1,'new through import_export',8,1,'2024-04-04 14:21:20.650844');
INSERT INTO "django_admin_log" VALUES(100,'27','JAIME HERNAN VALENZUELA RAMOS',1,'new through import_export',8,1,'2024-04-04 14:21:20.957131');
INSERT INTO "django_admin_log" VALUES(101,'28','JHON JAIRO QUEVEDO TRUJILLO',1,'new through import_export',8,1,'2024-04-04 14:21:21.212081');
INSERT INTO "django_admin_log" VALUES(102,'29','JHON JAIRO QUEVEDO TRUJILLO',1,'new through import_export',8,1,'2024-04-04 14:21:21.417694');
INSERT INTO "django_admin_log" VALUES(103,'30','JHON JAIRO QUEVEDO TRUJILLO',1,'new through import_export',8,1,'2024-04-04 14:21:21.745068');
INSERT INTO "django_admin_log" VALUES(104,'31','JHONATAN ANDRES CAICEDO ROSERO',1,'new through import_export',8,1,'2024-04-04 14:21:22.028118');
INSERT INTO "django_admin_log" VALUES(105,'32','JOSE ERNEY PERDOMO CHAVEZ',1,'new through import_export',8,1,'2024-04-04 14:21:22.217239');
INSERT INTO "django_admin_log" VALUES(106,'33','JOSE IZNARDO CHANTRE PEREZ',1,'new through import_export',8,1,'2024-04-04 14:21:22.539712');
INSERT INTO "django_admin_log" VALUES(107,'34','JOSE IZNARDO CHANTRE PEREZ',1,'new through import_export',8,1,'2024-04-04 14:21:22.695353');
INSERT INTO "django_admin_log" VALUES(108,'35','JOSE IZNARDO CHANTRE PEREZ',1,'new through import_export',8,1,'2024-04-04 14:21:22.857553');
INSERT INTO "django_admin_log" VALUES(109,'36','JOSE MIGUEL VALENCIA TRUJILLO ',1,'new through import_export',8,1,'2024-04-04 14:21:23.095289');
INSERT INTO "django_admin_log" VALUES(110,'37','LEONARDO BURBANO CLEVES',1,'new through import_export',8,1,'2024-04-04 14:21:23.261583');
INSERT INTO "django_admin_log" VALUES(111,'38','LUIS ALBEIRO URRUTIA MANQUILLO',1,'new through import_export',8,1,'2024-04-04 14:21:23.450409');
INSERT INTO "django_admin_log" VALUES(112,'39','LUIS EDUARDO AVILES',1,'new through import_export',8,1,'2024-04-04 14:21:23.668698');
INSERT INTO "django_admin_log" VALUES(113,'40','LUIS EDUARDO AVILES',1,'new through import_export',8,1,'2024-04-04 14:21:23.906737');
INSERT INTO "django_admin_log" VALUES(114,'41','LUIS HENRY TRUJILLO MURCIA',1,'new through import_export',8,1,'2024-04-04 14:21:24.106218');
INSERT INTO "django_admin_log" VALUES(115,'42','LUIS HENRY TRUJILLO MURCIA',1,'new through import_export',8,1,'2024-04-04 14:21:24.417561');
INSERT INTO "django_admin_log" VALUES(116,'43','MARIA LID HERNANDEZ CHAVEZ',1,'new through import_export',8,1,'2024-04-04 14:21:24.628419');
INSERT INTO "django_admin_log" VALUES(117,'44','MARIA MODESTA MEDINA QUINTERO',1,'new through import_export',8,1,'2024-04-04 14:21:24.870534');
INSERT INTO "django_admin_log" VALUES(118,'45','MILTON FABIAN PENCUE VELASCO',1,'new through import_export',8,1,'2024-04-04 14:21:25.028060');
INSERT INTO "django_admin_log" VALUES(119,'46','NAVOR HERNAN VELASCO CASTRO',1,'new through import_export',8,1,'2024-04-04 14:21:25.217498');
INSERT INTO "django_admin_log" VALUES(120,'47','NELSON ENRIQUE LIEVANO SANCHEZ',1,'new through import_export',8,1,'2024-04-04 14:21:25.384511');
INSERT INTO "django_admin_log" VALUES(121,'48','OBEIMAR PAYA YACUE',1,'new through import_export',8,1,'2024-04-04 14:21:25.539881');
INSERT INTO "django_admin_log" VALUES(122,'49','ROSSE MAXBEL MARTINEZ CASAS',1,'new through import_export',8,1,'2024-04-04 14:21:25.762389');
INSERT INTO "django_admin_log" VALUES(123,'50','SILVESTRE GOLONDRINO CHAPARRAL',1,'new through import_export',8,1,'2024-04-04 14:21:25.905926');
INSERT INTO "django_admin_log" VALUES(124,'51','VICTOR NEBARDO PENNA MEDINA',1,'new through import_export',8,1,'2024-04-04 14:21:26.090546');
INSERT INTO "django_admin_log" VALUES(125,'52','VICTOR OLMEDO BARRAGAN QUINTERO',1,'new through import_export',8,1,'2024-04-04 14:21:26.239584');
INSERT INTO "django_admin_log" VALUES(126,'53','VICTOR OLMEDO BARRAGAN QUINTERO',1,'new through import_export',8,1,'2024-04-04 14:21:26.428644');
INSERT INTO "django_admin_log" VALUES(127,'54','VICTOR OLMEDO BARRANGAN QUINTERO',1,'new through import_export',8,1,'2024-04-04 14:21:26.695208');
INSERT INTO "django_admin_log" VALUES(128,'55','YULIANA ANDREA PUYO ARTEAGA',1,'new through import_export',8,1,'2024-04-04 14:21:26.895416');
INSERT INTO "django_admin_log" VALUES(129,'1','813',1,'[{"added": {}}]',10,1,'2024-04-04 14:55:42.177744');
INSERT INTO "django_admin_log" VALUES(130,'2','806',1,'new through import_export',10,1,'2024-04-04 14:57:48.671963');
INSERT INTO "django_admin_log" VALUES(131,'2','806',2,'[{"changed": {"fields": ["Propietario", "Fecha creado"]}}]',10,1,'2024-04-04 16:02:02.303306');
INSERT INTO "django_admin_log" VALUES(132,'1','813',2,'[{"changed": {"fields": ["Propietario"]}}]',10,1,'2024-04-04 16:02:22.195344');
INSERT INTO "django_admin_log" VALUES(133,'2','806',2,'update through import_export',10,1,'2024-04-04 17:42:12.135872');
INSERT INTO "django_admin_log" VALUES(134,'3','819',1,'new through import_export',10,1,'2024-04-04 17:42:12.271958');
INSERT INTO "django_admin_log" VALUES(135,'4','800',1,'new through import_export',10,1,'2024-04-04 17:42:12.427967');
INSERT INTO "django_admin_log" VALUES(136,'5','801',1,'new through import_export',10,1,'2024-04-04 17:42:12.538665');
INSERT INTO "django_admin_log" VALUES(137,'6','820',1,'new through import_export',10,1,'2024-04-04 17:42:12.660901');
INSERT INTO "django_admin_log" VALUES(138,'7','815',1,'new through import_export',10,1,'2024-04-04 17:42:12.771512');
INSERT INTO "django_admin_log" VALUES(139,'8','818',1,'new through import_export',10,1,'2024-04-04 17:42:12.882125');
INSERT INTO "django_admin_log" VALUES(140,'9','814',1,'new through import_export',10,1,'2024-04-04 17:42:12.993234');
INSERT INTO "django_admin_log" VALUES(141,'10','816',1,'new through import_export',10,1,'2024-04-04 17:42:13.094467');
INSERT INTO "django_admin_log" VALUES(142,'11','810',1,'new through import_export',10,1,'2024-04-04 17:42:13.267104');
INSERT INTO "django_admin_log" VALUES(143,'12','812',1,'new through import_export',10,1,'2024-04-04 17:42:13.427813');
INSERT INTO "django_admin_log" VALUES(144,'13','803',1,'new through import_export',10,1,'2024-04-04 17:42:13.548550');
INSERT INTO "django_admin_log" VALUES(145,'14','802',1,'new through import_export',10,1,'2024-04-04 17:42:13.650083');
INSERT INTO "django_admin_log" VALUES(146,'15','817',1,'new through import_export',10,1,'2024-04-04 17:42:13.771106');
INSERT INTO "django_admin_log" VALUES(147,'16','808',1,'new through import_export',10,1,'2024-04-04 17:42:13.911874');
INSERT INTO "django_admin_log" VALUES(148,'17','804',1,'new through import_export',10,1,'2024-04-04 17:42:14.016457');
INSERT INTO "django_admin_log" VALUES(149,'18','822',1,'new through import_export',10,1,'2024-04-04 17:42:14.138026');
INSERT INTO "django_admin_log" VALUES(150,'19','821',1,'new through import_export',10,1,'2024-04-04 17:42:14.249601');
INSERT INTO "django_admin_log" VALUES(151,'20','811',1,'new through import_export',10,1,'2024-04-04 17:42:14.359945');
INSERT INTO "django_admin_log" VALUES(152,'2','806',2,'[{"changed": {"fields": ["Propietario"]}}]',10,1,'2024-04-04 18:02:33.199505');
INSERT INTO "django_admin_log" VALUES(153,'51','694',1,'new through import_export',10,1,'2024-04-04 19:35:44.399741');
INSERT INTO "django_admin_log" VALUES(154,'38','635',1,'new through import_export',10,1,'2024-04-04 19:35:44.521994');
INSERT INTO "django_admin_log" VALUES(155,'54','665',1,'new through import_export',10,1,'2024-04-04 19:35:44.634313');
INSERT INTO "django_admin_log" VALUES(156,'24','610',1,'new through import_export',10,1,'2024-04-04 19:35:44.767033');
INSERT INTO "django_admin_log" VALUES(157,'52','640',1,'new through import_export',10,1,'2024-04-04 19:35:44.889267');
INSERT INTO "django_admin_log" VALUES(158,'29','606',1,'new through import_export',10,1,'2024-04-04 19:35:45.010687');
INSERT INTO "django_admin_log" VALUES(159,'37','650',1,'new through import_export',10,1,'2024-04-04 19:35:45.144753');
INSERT INTO "django_admin_log" VALUES(160,'55','605',1,'new through import_export',10,1,'2024-04-04 19:35:45.233128');
INSERT INTO "django_admin_log" VALUES(161,'46','607',1,'new through import_export',10,1,'2024-04-04 19:35:45.344588');
INSERT INTO "django_admin_log" VALUES(162,'48','697',1,'new through import_export',10,1,'2024-04-04 19:35:45.444786');
INSERT INTO "django_admin_log" VALUES(163,'34','603',1,'new through import_export',10,1,'2024-04-04 19:35:45.577540');
INSERT INTO "django_admin_log" VALUES(164,'27','655',1,'new through import_export',10,1,'2024-04-04 19:35:45.722139');
INSERT INTO "django_admin_log" VALUES(165,'41','604',1,'new through import_export',10,1,'2024-04-04 19:35:45.911546');
INSERT INTO "django_admin_log" VALUES(166,'49','625',1,'new through import_export',10,1,'2024-04-04 19:35:46.033148');
INSERT INTO "django_admin_log" VALUES(167,'21','807',1,'new through import_export',10,1,'2024-04-04 19:35:46.223994');
INSERT INTO "django_admin_log" VALUES(168,'22','809',1,'new through import_export',10,1,'2024-04-04 19:35:46.344337');
INSERT INTO "django_admin_log" VALUES(169,'53','602',1,'new through import_export',10,1,'2024-04-04 19:35:46.432509');
INSERT INTO "django_admin_log" VALUES(170,'28','615',1,'new through import_export',10,1,'2024-04-04 19:35:46.555328');
INSERT INTO "django_admin_log" VALUES(171,'30','690',1,'new through import_export',10,1,'2024-04-04 19:35:46.654587');
INSERT INTO "django_admin_log" VALUES(172,'31','645',1,'new through import_export',10,1,'2024-04-04 19:35:46.766361');
INSERT INTO "django_admin_log" VALUES(173,'45','660',1,'new through import_export',10,1,'2024-04-04 19:35:46.877312');
INSERT INTO "django_admin_log" VALUES(174,'35','601',1,'new through import_export',10,1,'2024-04-04 19:35:46.999327');
INSERT INTO "django_admin_log" VALUES(175,'33','693',1,'new through import_export',10,1,'2024-04-04 19:35:47.121638');
INSERT INTO "django_admin_log" VALUES(176,'36','692',1,'new through import_export',10,1,'2024-04-04 19:35:47.278157');
INSERT INTO "django_admin_log" VALUES(177,'23','823',1,'new through import_export',10,1,'2024-04-04 19:35:47.444749');
INSERT INTO "django_admin_log" VALUES(178,'32','680',1,'new through import_export',10,1,'2024-04-04 19:35:47.566738');
INSERT INTO "django_admin_log" VALUES(179,'25','675',1,'new through import_export',10,1,'2024-04-04 19:35:47.689699');
INSERT INTO "django_admin_log" VALUES(180,'39','630',1,'new through import_export',10,1,'2024-04-04 19:35:47.822097');
INSERT INTO "django_admin_log" VALUES(181,'42','620',1,'new through import_export',10,1,'2024-04-04 19:35:48.055690');
INSERT INTO "django_admin_log" VALUES(182,'26','696',1,'new through import_export',10,1,'2024-04-04 19:35:48.243884');
INSERT INTO "django_admin_log" VALUES(183,'40','695',1,'new through import_export',10,1,'2024-04-04 19:35:48.454784');
INSERT INTO "django_admin_log" VALUES(184,'43','698',1,'new through import_export',10,1,'2024-04-04 19:35:48.612304');
INSERT INTO "django_admin_log" VALUES(185,'44','685',1,'new through import_export',10,1,'2024-04-04 19:35:48.798892');
INSERT INTO "django_admin_log" VALUES(186,'47','670',1,'new through import_export',10,1,'2024-04-04 19:35:48.967461');
INSERT INTO "django_admin_log" VALUES(187,'50','691',1,'new through import_export',10,1,'2024-04-04 19:35:49.100911');
INSERT INTO "django_admin_log" VALUES(188,'2','rodamiento',2,'[{"changed": {"fields": ["Email address"]}}]',4,1,'2024-04-04 20:00:43.344497');
INSERT INTO "django_admin_log" VALUES(189,'3','taquilla1',1,'[{"added": {}}]',4,1,'2024-04-04 20:02:23.264154');
INSERT INTO "django_admin_log" VALUES(190,'3','despacho1',2,'[{"changed": {"fields": ["Username", "Date joined"]}}]',4,1,'2024-04-04 20:03:28.215278');
CREATE INDEX IF NOT EXISTS "GestorApp_encomienda_programacion_id_0c9765a5" ON "GestorApp_encomienda" ("programacion_id");
CREATE INDEX IF NOT EXISTS "GestorApp_vehiculo_propietario_id_3a4563d5" ON "GestorApp_vehiculo" ("propietario_id");
CREATE INDEX IF NOT EXISTS "GestorApp_programacion_conductor_id_fad8ed81" ON "GestorApp_programacion" ("conductor_id");
CREATE INDEX IF NOT EXISTS "GestorApp_programacion_destino_id_7278cf04" ON "GestorApp_programacion" ("destino_id");
CREATE INDEX IF NOT EXISTS "GestorApp_programacion_origen_id_7d46a29d" ON "GestorApp_programacion" ("origen_id");
CREATE INDEX IF NOT EXISTS "GestorApp_programacion_vehiculo_id_013bea4e" ON "GestorApp_programacion" ("vehiculo_id");
CREATE UNIQUE INDEX "auth_group_permissions_group_id_permission_id_0cd325b0_uniq" ON "auth_group_permissions" ("group_id", "permission_id");
CREATE INDEX IF NOT EXISTS "auth_group_permissions_group_id_b120cbf9" ON "auth_group_permissions" ("group_id");
CREATE INDEX IF NOT EXISTS "auth_group_permissions_permission_id_84c5c92e" ON "auth_group_permissions" ("permission_id");
CREATE UNIQUE INDEX "auth_user_groups_user_id_group_id_94350c0c_uniq" ON "auth_user_groups" ("user_id", "group_id");
CREATE INDEX IF NOT EXISTS "auth_user_groups_user_id_6a12ed8b" ON "auth_user_groups" ("user_id");
CREATE INDEX IF NOT EXISTS "auth_user_groups_group_id_97559544" ON "auth_user_groups" ("group_id");
CREATE UNIQUE INDEX "auth_user_user_permissions_user_id_permission_id_14a6b632_uniq" ON "auth_user_user_permissions" ("user_id", "permission_id");
CREATE INDEX IF NOT EXISTS "auth_user_user_permissions_user_id_a95ead1b" ON "auth_user_user_permissions" ("user_id");
CREATE INDEX IF NOT EXISTS "auth_user_user_permissions_permission_id_1fbb5f2c" ON "auth_user_user_permissions" ("permission_id");
CREATE INDEX IF NOT EXISTS "django_admin_log_content_type_id_c4bce8eb" ON "django_admin_log" ("content_type_id");
CREATE INDEX IF NOT EXISTS "django_admin_log_user_id_c564eba6" ON "django_admin_log" ("user_id");
CREATE UNIQUE INDEX "django_content_type_app_label_model_76bd3d3b_uniq" ON "django_content_type" ("app_label", "model");
CREATE UNIQUE INDEX "auth_permission_content_type_id_codename_01ab375a_uniq" ON "auth_permission" ("content_type_id", "codename");
CREATE INDEX IF NOT EXISTS "auth_permission_content_type_id_2f476e4b" ON "auth_permission" ("content_type_id");
CREATE INDEX IF NOT EXISTS "django_apscheduler_djangojob_next_run_time_2f022619" ON "django_apscheduler_djangojob" ("next_run_time");
CREATE INDEX IF NOT EXISTS "django_apscheduler_djangojobexecution_run_time_16edd96b" ON "django_apscheduler_djangojobexecution" ("run_time");
CREATE INDEX IF NOT EXISTS "django_apscheduler_djangojobexecution_job_id_daf5090a" ON "django_apscheduler_djangojobexecution" ("job_id");
CREATE INDEX IF NOT EXISTS "django_session_expire_date_a5c62663" ON "django_session" ("expire_date");
CREATE TABLE IF NOT EXISTS "django_apscheduler_djangojob" ("id" varchar(255) NOT NULL PRIMARY KEY, "next_run_time" datetime NULL, "job_state" BLOB NOT NULL);
CREATE INDEX IF NOT EXISTS "GestorApp_encomienda_programacion_id_0c9765a5" ON "GestorApp_encomienda" ("programacion_id");
CREATE INDEX IF NOT EXISTS "GestorApp_vehiculo_propietario_id_3a4563d5" ON "GestorApp_vehiculo" ("propietario_id");
CREATE INDEX IF NOT EXISTS "GestorApp_programacion_conductor_id_fad8ed81" ON "GestorApp_programacion" ("conductor_id");
CREATE INDEX IF NOT EXISTS "GestorApp_programacion_destino_id_7278cf04" ON "GestorApp_programacion" ("destino_id");
CREATE INDEX IF NOT EXISTS "GestorApp_programacion_origen_id_7d46a29d" ON "GestorApp_programacion" ("origen_id");
CREATE INDEX IF NOT EXISTS "GestorApp_programacion_vehiculo_id_013bea4e" ON "GestorApp_programacion" ("vehiculo_id");
CREATE UNIQUE INDEX "auth_group_permissions_group_id_permission_id_0cd325b0_uniq" ON "auth_group_permissions" ("group_id", "permission_id");
CREATE INDEX IF NOT EXISTS "auth_group_permissions_group_id_b120cbf9" ON "auth_group_permissions" ("group_id");
CREATE INDEX IF NOT EXISTS "auth_group_permissions_permission_id_84c5c92e" ON "auth_group_permissions" ("permission_id");
CREATE UNIQUE INDEX "auth_user_groups_user_id_group_id_94350c0c_uniq" ON "auth_user_groups" ("user_id", "group_id");
CREATE INDEX IF NOT EXISTS "auth_user_groups_user_id_6a12ed8b" ON "auth_user_groups" ("user_id");
CREATE INDEX IF NOT EXISTS "auth_user_groups_group_id_97559544" ON "auth_user_groups" ("group_id");
CREATE UNIQUE INDEX "auth_user_user_permissions_user_id_permission_id_14a6b632_uniq" ON "auth_user_user_permissions" ("user_id", "permission_id");
CREATE INDEX IF NOT EXISTS "auth_user_user_permissions_user_id_a95ead1b" ON "auth_user_user_permissions" ("user_id");
CREATE INDEX IF NOT EXISTS "auth_user_user_permissions_permission_id_1fbb5f2c" ON "auth_user_user_permissions" ("permission_id");
CREATE INDEX IF NOT EXISTS "django_admin_log_content_type_id_c4bce8eb" ON "django_admin_log" ("content_type_id");
CREATE INDEX IF NOT EXISTS "django_admin_log_user_id_c564eba6" ON "django_admin_log" ("user_id");
CREATE UNIQUE INDEX "django_content_type_app_label_model_76bd3d3b_uniq" ON "django_content_type" ("app_label", "model");
CREATE UNIQUE INDEX "auth_permission_content_type_id_codename_01ab375a_uniq" ON "auth_permission" ("content_type_id", "codename");
CREATE INDEX IF NOT EXISTS "auth_permission_content_type_id_2f476e4b" ON "auth_permission" ("content_type_id");
CREATE INDEX IF NOT EXISTS "django_apscheduler_djangojob_next_run_time_2f022619" ON "django_apscheduler_djangojob" ("next_run_time");
CREATE INDEX IF NOT EXISTS "django_apscheduler_djangojobexecution_run_time_16edd96b" ON "django_apscheduler_djangojobexecution" ("run_time");
CREATE INDEX IF NOT EXISTS "django_apscheduler_djangojobexecution_job_id_daf5090a" ON "django_apscheduler_djangojobexecution" ("job_id");
CREATE INDEX IF NOT EXISTS "django_session_expire_date_a5c62663" ON "django_session" ("expire_date");
CREATE TABLE IF NOT EXISTS "django_apscheduler_djangojobexecution" ("id" integer NOT NULL PRIMARY KEY AUTOINCREMENT, "status" varchar(50) NOT NULL, "run_time" datetime NOT NULL, "duration" decimal NULL, "finished" decimal NULL, "exception" varchar(1000) NULL, "traceback" text NULL, "job_id" varchar(255) NOT NULL REFERENCES "django_apscheduler_djangojob" ("id") DEFERRABLE INITIALLY DEFERRED, CONSTRAINT "unique_job_executions" UNIQUE ("job_id", "run_time"));
CREATE INDEX IF NOT EXISTS "GestorApp_encomienda_programacion_id_0c9765a5" ON "GestorApp_encomienda" ("programacion_id");
CREATE INDEX IF NOT EXISTS "GestorApp_vehiculo_propietario_id_3a4563d5" ON "GestorApp_vehiculo" ("propietario_id");
CREATE INDEX IF NOT EXISTS "GestorApp_programacion_conductor_id_fad8ed81" ON "GestorApp_programacion" ("conductor_id");
CREATE INDEX IF NOT EXISTS "GestorApp_programacion_destino_id_7278cf04" ON "GestorApp_programacion" ("destino_id");
CREATE INDEX IF NOT EXISTS "GestorApp_programacion_origen_id_7d46a29d" ON "GestorApp_programacion" ("origen_id");
CREATE INDEX IF NOT EXISTS "GestorApp_programacion_vehiculo_id_013bea4e" ON "GestorApp_programacion" ("vehiculo_id");
CREATE UNIQUE INDEX "auth_group_permissions_group_id_permission_id_0cd325b0_uniq" ON "auth_group_permissions" ("group_id", "permission_id");
CREATE INDEX IF NOT EXISTS "auth_group_permissions_group_id_b120cbf9" ON "auth_group_permissions" ("group_id");
CREATE INDEX IF NOT EXISTS "auth_group_permissions_permission_id_84c5c92e" ON "auth_group_permissions" ("permission_id");
CREATE UNIQUE INDEX "auth_user_groups_user_id_group_id_94350c0c_uniq" ON "auth_user_groups" ("user_id", "group_id");
CREATE INDEX IF NOT EXISTS "auth_user_groups_user_id_6a12ed8b" ON "auth_user_groups" ("user_id");
CREATE INDEX IF NOT EXISTS "auth_user_groups_group_id_97559544" ON "auth_user_groups" ("group_id");
CREATE UNIQUE INDEX "auth_user_user_permissions_user_id_permission_id_14a6b632_uniq" ON "auth_user_user_permissions" ("user_id", "permission_id");
CREATE INDEX IF NOT EXISTS "auth_user_user_permissions_user_id_a95ead1b" ON "auth_user_user_permissions" ("user_id");
CREATE INDEX IF NOT EXISTS "auth_user_user_permissions_permission_id_1fbb5f2c" ON "auth_user_user_permissions" ("permission_id");
CREATE INDEX IF NOT EXISTS "django_admin_log_content_type_id_c4bce8eb" ON "django_admin_log" ("content_type_id");
CREATE INDEX IF NOT EXISTS "django_admin_log_user_id_c564eba6" ON "django_admin_log" ("user_id");
CREATE UNIQUE INDEX "django_content_type_app_label_model_76bd3d3b_uniq" ON "django_content_type" ("app_label", "model");
CREATE UNIQUE INDEX "auth_permission_content_type_id_codename_01ab375a_uniq" ON "auth_permission" ("content_type_id", "codename");
CREATE INDEX IF NOT EXISTS "auth_permission_content_type_id_2f476e4b" ON "auth_permission" ("content_type_id");
CREATE INDEX IF NOT EXISTS "django_apscheduler_djangojob_next_run_time_2f022619" ON "django_apscheduler_djangojob" ("next_run_time");
CREATE INDEX IF NOT EXISTS "django_apscheduler_djangojobexecution_run_time_16edd96b" ON "django_apscheduler_djangojobexecution" ("run_time");
CREATE INDEX IF NOT EXISTS "django_apscheduler_djangojobexecution_job_id_daf5090a" ON "django_apscheduler_djangojobexecution" ("job_id");
CREATE INDEX IF NOT EXISTS "django_session_expire_date_a5c62663" ON "django_session" ("expire_date");
CREATE TABLE IF NOT EXISTS "django_content_type" ("id" integer NOT NULL PRIMARY KEY AUTOINCREMENT, "app_label" varchar(100) NOT NULL, "model" varchar(100) NOT NULL);
INSERT INTO "django_content_type" VALUES(1,'admin','logentry');
INSERT INTO "django_content_type" VALUES(2,'auth','permission');
INSERT INTO "django_content_type" VALUES(3,'auth','group');
INSERT INTO "django_content_type" VALUES(4,'auth','user');
INSERT INTO "django_content_type" VALUES(5,'contenttypes','contenttype');
INSERT INTO "django_content_type" VALUES(6,'sessions','session');
INSERT INTO "django_content_type" VALUES(7,'GestorApp','conductor');
INSERT INTO "django_content_type" VALUES(8,'GestorApp','propietario');
INSERT INTO "django_content_type" VALUES(9,'GestorApp','sede');
INSERT INTO "django_content_type" VALUES(10,'GestorApp','vehiculo');
INSERT INTO "django_content_type" VALUES(11,'GestorApp','programacion');
INSERT INTO "django_content_type" VALUES(12,'GestorApp','encomienda');
INSERT INTO "django_content_type" VALUES(13,'django_apscheduler','djangojob');
INSERT INTO "django_content_type" VALUES(14,'django_apscheduler','djangojobexecution');
CREATE INDEX IF NOT EXISTS "GestorApp_encomienda_programacion_id_0c9765a5" ON "GestorApp_encomienda" ("programacion_id");
CREATE INDEX IF NOT EXISTS "GestorApp_vehiculo_propietario_id_3a4563d5" ON "GestorApp_vehiculo" ("propietario_id");
CREATE INDEX IF NOT EXISTS "GestorApp_programacion_conductor_id_fad8ed81" ON "GestorApp_programacion" ("conductor_id");
CREATE INDEX IF NOT EXISTS "GestorApp_programacion_destino_id_7278cf04" ON "GestorApp_programacion" ("destino_id");
CREATE INDEX IF NOT EXISTS "GestorApp_programacion_origen_id_7d46a29d" ON "GestorApp_programacion" ("origen_id");
CREATE INDEX IF NOT EXISTS "GestorApp_programacion_vehiculo_id_013bea4e" ON "GestorApp_programacion" ("vehiculo_id");
CREATE UNIQUE INDEX "auth_group_permissions_group_id_permission_id_0cd325b0_uniq" ON "auth_group_permissions" ("group_id", "permission_id");
CREATE INDEX IF NOT EXISTS "auth_group_permissions_group_id_b120cbf9" ON "auth_group_permissions" ("group_id");
CREATE INDEX IF NOT EXISTS "auth_group_permissions_permission_id_84c5c92e" ON "auth_group_permissions" ("permission_id");
CREATE UNIQUE INDEX "auth_user_groups_user_id_group_id_94350c0c_uniq" ON "auth_user_groups" ("user_id", "group_id");
CREATE INDEX IF NOT EXISTS "auth_user_groups_user_id_6a12ed8b" ON "auth_user_groups" ("user_id");
CREATE INDEX IF NOT EXISTS "auth_user_groups_group_id_97559544" ON "auth_user_groups" ("group_id");
CREATE UNIQUE INDEX "auth_user_user_permissions_user_id_permission_id_14a6b632_uniq" ON "auth_user_user_permissions" ("user_id", "permission_id");
CREATE INDEX IF NOT EXISTS "auth_user_user_permissions_user_id_a95ead1b" ON "auth_user_user_permissions" ("user_id");
CREATE INDEX IF NOT EXISTS "auth_user_user_permissions_permission_id_1fbb5f2c" ON "auth_user_user_permissions" ("permission_id");
CREATE INDEX IF NOT EXISTS "django_admin_log_content_type_id_c4bce8eb" ON "django_admin_log" ("content_type_id");
CREATE INDEX IF NOT EXISTS "django_admin_log_user_id_c564eba6" ON "django_admin_log" ("user_id");
CREATE UNIQUE INDEX "django_content_type_app_label_model_76bd3d3b_uniq" ON "django_content_type" ("app_label", "model");
CREATE UNIQUE INDEX "auth_permission_content_type_id_codename_01ab375a_uniq" ON "auth_permission" ("content_type_id", "codename");
CREATE INDEX IF NOT EXISTS "auth_permission_content_type_id_2f476e4b" ON "auth_permission" ("content_type_id");
CREATE INDEX IF NOT EXISTS "django_apscheduler_djangojob_next_run_time_2f022619" ON "django_apscheduler_djangojob" ("next_run_time");
CREATE INDEX IF NOT EXISTS "django_apscheduler_djangojobexecution_run_time_16edd96b" ON "django_apscheduler_djangojobexecution" ("run_time");
CREATE INDEX IF NOT EXISTS "django_apscheduler_djangojobexecution_job_id_daf5090a" ON "django_apscheduler_djangojobexecution" ("job_id");
CREATE INDEX IF NOT EXISTS "django_session_expire_date_a5c62663" ON "django_session" ("expire_date");
CREATE TABLE IF NOT EXISTS "django_migrations" ("id" integer NOT NULL PRIMARY KEY AUTOINCREMENT, "app" varchar(255) NOT NULL, "name" varchar(255) NOT NULL, "applied" datetime NOT NULL);
INSERT INTO "django_migrations" VALUES(1,'GestorApp','0001_initial','2024-01-22 15:07:45.418197');
INSERT INTO "django_migrations" VALUES(2,'contenttypes','0001_initial','2024-01-22 15:07:45.550330');
INSERT INTO "django_migrations" VALUES(3,'auth','0001_initial','2024-01-22 15:07:45.773272');
INSERT INTO "django_migrations" VALUES(4,'admin','0001_initial','2024-01-22 15:07:45.962837');
INSERT INTO "django_migrations" VALUES(5,'admin','0002_logentry_remove_auto_add','2024-01-22 15:07:46.101655');
INSERT INTO "django_migrations" VALUES(6,'admin','0003_logentry_add_action_flag_choices','2024-01-22 15:07:46.324156');
INSERT INTO "django_migrations" VALUES(7,'contenttypes','0002_remove_content_type_name','2024-01-22 15:07:46.473416');
INSERT INTO "django_migrations" VALUES(8,'auth','0002_alter_permission_name_max_length','2024-01-22 15:07:46.637467');
INSERT INTO "django_migrations" VALUES(9,'auth','0003_alter_user_email_max_length','2024-01-22 15:07:46.776198');
INSERT INTO "django_migrations" VALUES(10,'auth','0004_alter_user_username_opts','2024-01-22 15:07:46.923461');
INSERT INTO "django_migrations" VALUES(11,'auth','0005_alter_user_last_login_null','2024-01-22 15:07:47.039630');
INSERT INTO "django_migrations" VALUES(12,'auth','0006_require_contenttypes_0002','2024-01-22 15:07:47.163537');
INSERT INTO "django_migrations" VALUES(13,'auth','0007_alter_validators_add_error_messages','2024-01-22 15:07:47.272116');
INSERT INTO "django_migrations" VALUES(14,'auth','0008_alter_user_username_max_length','2024-01-22 15:07:47.430756');
INSERT INTO "django_migrations" VALUES(15,'auth','0009_alter_user_last_name_max_length','2024-01-22 15:07:47.610419');
INSERT INTO "django_migrations" VALUES(16,'auth','0010_alter_group_name_max_length','2024-01-22 15:07:47.723921');
INSERT INTO "django_migrations" VALUES(17,'auth','0011_update_proxy_permissions','2024-01-22 15:07:47.864202');
INSERT INTO "django_migrations" VALUES(18,'auth','0012_alter_user_first_name_max_length','2024-01-22 15:07:48.025754');
INSERT INTO "django_migrations" VALUES(19,'django_apscheduler','0001_initial','2024-01-22 15:07:48.284880');
INSERT INTO "django_migrations" VALUES(20,'django_apscheduler','0002_auto_20180412_0758','2024-01-22 15:07:48.436256');
INSERT INTO "django_migrations" VALUES(21,'django_apscheduler','0003_auto_20200716_1632','2024-01-22 15:07:48.578644');
INSERT INTO "django_migrations" VALUES(22,'django_apscheduler','0004_auto_20200717_1043','2024-01-22 15:07:48.717444');
INSERT INTO "django_migrations" VALUES(23,'django_apscheduler','0005_migrate_name_to_id','2024-01-22 15:07:48.905763');
INSERT INTO "django_migrations" VALUES(24,'django_apscheduler','0006_remove_djangojob_name','2024-01-22 15:07:49.014657');
INSERT INTO "django_migrations" VALUES(25,'django_apscheduler','0007_auto_20200717_1404','2024-01-22 15:07:49.163435');
INSERT INTO "django_migrations" VALUES(26,'django_apscheduler','0008_remove_djangojobexecution_started','2024-01-22 15:07:49.312882');
INSERT INTO "django_migrations" VALUES(27,'django_apscheduler','0009_djangojobexecution_unique_job_executions','2024-01-22 15:07:49.441195');
INSERT INTO "django_migrations" VALUES(28,'sessions','0001_initial','2024-01-22 15:07:49.640565');
CREATE INDEX IF NOT EXISTS "GestorApp_encomienda_programacion_id_0c9765a5" ON "GestorApp_encomienda" ("programacion_id");
CREATE INDEX IF NOT EXISTS "GestorApp_vehiculo_propietario_id_3a4563d5" ON "GestorApp_vehiculo" ("propietario_id");
CREATE INDEX IF NOT EXISTS "GestorApp_programacion_conductor_id_fad8ed81" ON "GestorApp_programacion" ("conductor_id");
CREATE INDEX IF NOT EXISTS "GestorApp_programacion_destino_id_7278cf04" ON "GestorApp_programacion" ("destino_id");
CREATE INDEX IF NOT EXISTS "GestorApp_programacion_origen_id_7d46a29d" ON "GestorApp_programacion" ("origen_id");
CREATE INDEX IF NOT EXISTS "GestorApp_programacion_vehiculo_id_013bea4e" ON "GestorApp_programacion" ("vehiculo_id");
CREATE UNIQUE INDEX "auth_group_permissions_group_id_permission_id_0cd325b0_uniq" ON "auth_group_permissions" ("group_id", "permission_id");
CREATE INDEX IF NOT EXISTS "auth_group_permissions_group_id_b120cbf9" ON "auth_group_permissions" ("group_id");
CREATE INDEX IF NOT EXISTS "auth_group_permissions_permission_id_84c5c92e" ON "auth_group_permissions" ("permission_id");
CREATE UNIQUE INDEX "auth_user_groups_user_id_group_id_94350c0c_uniq" ON "auth_user_groups" ("user_id", "group_id");
CREATE INDEX IF NOT EXISTS "auth_user_groups_user_id_6a12ed8b" ON "auth_user_groups" ("user_id");
CREATE INDEX IF NOT EXISTS "auth_user_groups_group_id_97559544" ON "auth_user_groups" ("group_id");
CREATE UNIQUE INDEX "auth_user_user_permissions_user_id_permission_id_14a6b632_uniq" ON "auth_user_user_permissions" ("user_id", "permission_id");
CREATE INDEX IF NOT EXISTS "auth_user_user_permissions_user_id_a95ead1b" ON "auth_user_user_permissions" ("user_id");
CREATE INDEX IF NOT EXISTS "auth_user_user_permissions_permission_id_1fbb5f2c" ON "auth_user_user_permissions" ("permission_id");
CREATE INDEX IF NOT EXISTS "django_admin_log_content_type_id_c4bce8eb" ON "django_admin_log" ("content_type_id");
CREATE INDEX IF NOT EXISTS "django_admin_log_user_id_c564eba6" ON "django_admin_log" ("user_id");
CREATE UNIQUE INDEX "django_content_type_app_label_model_76bd3d3b_uniq" ON "django_content_type" ("app_label", "model");
CREATE UNIQUE INDEX "auth_permission_content_type_id_codename_01ab375a_uniq" ON "auth_permission" ("content_type_id", "codename");
CREATE INDEX IF NOT EXISTS "auth_permission_content_type_id_2f476e4b" ON "auth_permission" ("content_type_id");
CREATE INDEX IF NOT EXISTS "django_apscheduler_djangojob_next_run_time_2f022619" ON "django_apscheduler_djangojob" ("next_run_time");
CREATE INDEX IF NOT EXISTS "django_apscheduler_djangojobexecution_run_time_16edd96b" ON "django_apscheduler_djangojobexecution" ("run_time");
CREATE INDEX IF NOT EXISTS "django_apscheduler_djangojobexecution_job_id_daf5090a" ON "django_apscheduler_djangojobexecution" ("job_id");
CREATE INDEX IF NOT EXISTS "django_session_expire_date_a5c62663" ON "django_session" ("expire_date");
CREATE TABLE IF NOT EXISTS "django_session" ("session_key" varchar(40) NOT NULL PRIMARY KEY, "session_data" text NOT NULL, "expire_date" datetime NOT NULL);
INSERT INTO "django_session" VALUES('46owmryuvmpda6apek2jewid1zrzm26a','.eJxVjDsOgzAQRO_iOrL8t0mZnjNYu94lJolAwlBFuXtAokjKmfdm3iLDtta8NV7ySOIqtLj8dgjlydMB6AHTfZZlntZlRHko8qRN9jPx63a6fwcVWt3XyAosAOuo0RhndLE-YddFhzigh6i5BJfKYILjFLwlsqS0QdpDjEp8vu1lN8Q:1rspqJ:93mUgtLzmmYzwpxbDYTQ3T-T17LLrdZ3aj32-Njia9Y','2024-04-19 20:07:19.870570');
CREATE INDEX IF NOT EXISTS "GestorApp_encomienda_programacion_id_0c9765a5" ON "GestorApp_encomienda" ("programacion_id");
CREATE INDEX IF NOT EXISTS "GestorApp_vehiculo_propietario_id_3a4563d5" ON "GestorApp_vehiculo" ("propietario_id");
CREATE INDEX IF NOT EXISTS "GestorApp_programacion_conductor_id_fad8ed81" ON "GestorApp_programacion" ("conductor_id");
CREATE INDEX IF NOT EXISTS "GestorApp_programacion_destino_id_7278cf04" ON "GestorApp_programacion" ("destino_id");
CREATE INDEX IF NOT EXISTS "GestorApp_programacion_origen_id_7d46a29d" ON "GestorApp_programacion" ("origen_id");
CREATE INDEX IF NOT EXISTS "GestorApp_programacion_vehiculo_id_013bea4e" ON "GestorApp_programacion" ("vehiculo_id");
CREATE UNIQUE INDEX "auth_group_permissions_group_id_permission_id_0cd325b0_uniq" ON "auth_group_permissions" ("group_id", "permission_id");
CREATE INDEX IF NOT EXISTS "auth_group_permissions_group_id_b120cbf9" ON "auth_group_permissions" ("group_id");
CREATE INDEX IF NOT EXISTS "auth_group_permissions_permission_id_84c5c92e" ON "auth_group_permissions" ("permission_id");
CREATE UNIQUE INDEX "auth_user_groups_user_id_group_id_94350c0c_uniq" ON "auth_user_groups" ("user_id", "group_id");
CREATE INDEX IF NOT EXISTS "auth_user_groups_user_id_6a12ed8b" ON "auth_user_groups" ("user_id");
CREATE INDEX IF NOT EXISTS "auth_user_groups_group_id_97559544" ON "auth_user_groups" ("group_id");
CREATE UNIQUE INDEX "auth_user_user_permissions_user_id_permission_id_14a6b632_uniq" ON "auth_user_user_permissions" ("user_id", "permission_id");
CREATE INDEX IF NOT EXISTS "auth_user_user_permissions_user_id_a95ead1b" ON "auth_user_user_permissions" ("user_id");
CREATE INDEX IF NOT EXISTS "auth_user_user_permissions_permission_id_1fbb5f2c" ON "auth_user_user_permissions" ("permission_id");
CREATE INDEX IF NOT EXISTS "django_admin_log_content_type_id_c4bce8eb" ON "django_admin_log" ("content_type_id");
CREATE INDEX IF NOT EXISTS "django_admin_log_user_id_c564eba6" ON "django_admin_log" ("user_id");
CREATE UNIQUE INDEX "django_content_type_app_label_model_76bd3d3b_uniq" ON "django_content_type" ("app_label", "model");
CREATE UNIQUE INDEX "auth_permission_content_type_id_codename_01ab375a_uniq" ON "auth_permission" ("content_type_id", "codename");
CREATE INDEX IF NOT EXISTS "auth_permission_content_type_id_2f476e4b" ON "auth_permission" ("content_type_id");
CREATE INDEX IF NOT EXISTS "django_apscheduler_djangojob_next_run_time_2f022619" ON "django_apscheduler_djangojob" ("next_run_time");
CREATE INDEX IF NOT EXISTS "django_apscheduler_djangojobexecution_run_time_16edd96b" ON "django_apscheduler_djangojobexecution" ("run_time");
CREATE INDEX IF NOT EXISTS "django_apscheduler_djangojobexecution_job_id_daf5090a" ON "django_apscheduler_djangojobexecution" ("job_id");
CREATE INDEX IF NOT EXISTS "django_session_expire_date_a5c62663" ON "django_session" ("expire_date");
